model,checkpoint,epoch,path,did,mean_metric,split_1_metric,split_2_metric,split_3_metric,split_4_metric,split_5_metric
alternating_hydra_tabpfn_12l_lr1e4,epoch_20,20.0,tabpfn/models_diff/callback_alternating_hydra_tabpfn_12_layers_512e_lr0p0001_epoch_20.cpkt,11,0.9856606483459472,0.9869890213012695,0.9776628613471985,0.9891445636749268,0.9840685129165649,0.9904382824897766
alternating_hydra_tabpfn_12l_lr1e4,epoch_20,20.0,tabpfn/models_diff/callback_alternating_hydra_tabpfn_12_layers_512e_lr0p0001_epoch_20.cpkt,14,0.9402160286903382,0.9408629536628723,0.9418996572494507,0.9358462691307068,0.9435561299324036,0.9389151334762573
alternating_hydra_tabpfn_12l_lr1e4,epoch_20,20.0,tabpfn/models_diff/callback_alternating_hydra_tabpfn_12_layers_512e_lr0p0001_epoch_20.cpkt,15,0.9923343420028686,0.9905710220336914,0.9915634393692017,0.992368757724762,0.9922605156898499,0.9949079751968384
alternating_hydra_tabpfn_12l_lr1e4,epoch_20,20.0,tabpfn/models_diff/callback_alternating_hydra_tabpfn_12_layers_512e_lr0p0001_epoch_20.cpkt,16,0.9819640517234802,0.9760894775390625,0.9808765649795532,0.9820297956466675,0.9882200360298157,0.9826043844223022
alternating_hydra_tabpfn_12l_lr1e4,epoch_20,20.0,tabpfn/models_diff/callback_alternating_hydra_tabpfn_12_layers_512e_lr0p0001_epoch_20.cpkt,18,0.952820098400116,0.9551200270652771,0.9494695663452148,0.9556037187576294,0.950139045715332,0.9537681341171265
alternating_hydra_tabpfn_12l_lr1e4,epoch_20,20.0,tabpfn/models_diff/callback_alternating_hydra_tabpfn_12_layers_512e_lr0p0001_epoch_20.cpkt,22,0.9627501964569092,0.9535378217697144,0.9685996770858765,0.9551676511764526,0.9751138687133789,0.9613319635391235
alternating_hydra_tabpfn_12l_lr1e4,epoch_20,20.0,tabpfn/models_diff/callback_alternating_hydra_tabpfn_12_layers_512e_lr0p0001_epoch_20.cpkt,23,0.7026190876960754,0.6968852281570435,0.7050409913063049,0.6976622939109802,0.7056789398193359,0.7078279852867126
alternating_hydra_tabpfn_12l_lr1e4,epoch_20,20.0,tabpfn/models_diff/callback_alternating_hydra_tabpfn_12_layers_512e_lr0p0001_epoch_20.cpkt,29,0.9286517024040222,0.942375898361206,0.9332579374313354,0.9156371355056763,0.9208828806877136,0.9311046600341797
alternating_hydra_tabpfn_12l_lr1e4,epoch_20,20.0,tabpfn/models_diff/callback_alternating_hydra_tabpfn_12_layers_512e_lr0p0001_epoch_20.cpkt,31,0.7887779951095581,0.7879652380943298,0.7840332984924316,0.785916268825531,0.7925560474395752,0.7934191226959229
alternating_hydra_tabpfn_12l_lr1e4,epoch_20,20.0,tabpfn/models_diff/callback_alternating_hydra_tabpfn_12_layers_512e_lr0p0001_epoch_20.cpkt,37,0.8285926818847656,0.7981008291244507,0.8299270868301392,0.8374819755554199,0.825150728225708,0.8523027896881104
alternating_hydra_tabpfn_12l_lr1e4,epoch_20,20.0,tabpfn/models_diff/callback_alternating_hydra_tabpfn_12_layers_512e_lr0p0001_epoch_20.cpkt,50,0.918117368221283,0.9126691818237305,0.9253808856010437,0.9223511219024658,0.9112098813056946,0.9189757704734802
alternating_hydra_tabpfn_12l_lr1e4,epoch_20,20.0,tabpfn/models_diff/callback_alternating_hydra_tabpfn_12_layers_512e_lr0p0001_epoch_20.cpkt,54,0.9249318718910218,0.9293555617332458,0.9311631321907043,0.9229040741920471,0.9251802563667297,0.9160563349723816
alternating_hydra_tabpfn_12l_lr1e4,epoch_20,20.0,tabpfn/models_diff/callback_alternating_hydra_tabpfn_12_layers_512e_lr0p0001_epoch_20.cpkt,188,0.9015644550323486,0.8968058228492737,0.9037725925445557,0.8991104364395142,0.9135788679122925,0.8945545554161072
alternating_hydra_tabpfn_12l_lr1e4,epoch_20,20.0,tabpfn/models_diff/callback_alternating_hydra_tabpfn_12_layers_512e_lr0p0001_epoch_20.cpkt,458,0.9998760938644409,1.0,0.9999827146530151,0.9995982050895691,0.9999677538871765,0.9998317956924438
alternating_hydra_tabpfn_12l_lr1e4,epoch_20,20.0,tabpfn/models_diff/callback_alternating_hydra_tabpfn_12_layers_512e_lr0p0001_epoch_20.cpkt,469,0.5728498101234436,0.56819087266922,0.5596001744270325,0.578973650932312,0.5708585381507874,0.5866258144378662
alternating_hydra_tabpfn_12l_lr1e4,epoch_20,20.0,tabpfn/models_diff/callback_alternating_hydra_tabpfn_12_layers_512e_lr0p0001_epoch_20.cpkt,1049,0.9124582529067993,0.8979389667510986,0.9320681095123291,0.9095017313957214,0.9023346304893494,0.920447826385498
alternating_hydra_tabpfn_12l_lr1e4,epoch_20,20.0,tabpfn/models_diff/callback_alternating_hydra_tabpfn_12_layers_512e_lr0p0001_epoch_20.cpkt,1050,0.8249588251113892,0.8578088283538818,0.8235203623771667,0.8083875775337219,0.7956979870796204,0.8393793702125549
alternating_hydra_tabpfn_12l_lr1e4,epoch_20,20.0,tabpfn/models_diff/callback_alternating_hydra_tabpfn_12_layers_512e_lr0p0001_epoch_20.cpkt,1063,0.818590247631073,0.8632227778434753,0.793364942073822,0.7834537029266357,0.8432926535606384,0.8096171617507935
alternating_hydra_tabpfn_12l_lr1e4,epoch_20,20.0,tabpfn/models_diff/callback_alternating_hydra_tabpfn_12_layers_512e_lr0p0001_epoch_20.cpkt,1068,0.8326381564140319,0.8427714705467224,0.8734630942344666,0.776565670967102,0.8276469111442566,0.8427436351776123
alternating_hydra_tabpfn_12l_lr1e4,epoch_20,20.0,tabpfn/models_diff/callback_alternating_hydra_tabpfn_12_layers_512e_lr0p0001_epoch_20.cpkt,1462,1.0,1.0,1.0,1.0,1.0,1.0
alternating_hydra_tabpfn_12l_lr1e4,epoch_20,20.0,tabpfn/models_diff/callback_alternating_hydra_tabpfn_12_layers_512e_lr0p0001_epoch_20.cpkt,1464,0.7599102139472962,0.7736797332763672,0.7385367751121521,0.7601813673973083,0.7632207870483398,0.7639324069023132
alternating_hydra_tabpfn_12l_lr1e4,epoch_20,20.0,tabpfn/models_diff/callback_alternating_hydra_tabpfn_12_layers_512e_lr0p0001_epoch_20.cpkt,1480,0.7260832071304322,0.719821572303772,0.7326228022575378,0.7521554231643677,0.7487562298774719,0.6770600080490112
alternating_hydra_tabpfn_12l_lr1e4,epoch_20,20.0,tabpfn/models_diff/callback_alternating_hydra_tabpfn_12_layers_512e_lr0p0001_epoch_20.cpkt,1494,0.9255010724067688,0.9190577268600464,0.9403984546661377,0.9106515049934387,0.9293908476829529,0.9280068278312683
alternating_hydra_tabpfn_12l_lr1e4,epoch_20,20.0,tabpfn/models_diff/callback_alternating_hydra_tabpfn_12_layers_512e_lr0p0001_epoch_20.cpkt,1510,0.9962296605110168,0.9994271993637085,0.9969796538352966,0.9886146187782288,0.9978358745574951,0.9982909560203552
alternating_hydra_tabpfn_12l_lr1e4,epoch_20,20.0,tabpfn/models_diff/callback_alternating_hydra_tabpfn_12_layers_512e_lr0p0001_epoch_20.cpkt,6332,0.7936421394348144,0.8174048066139221,0.7796817421913147,0.8289383053779602,0.7888007164001465,0.7533851265907288
alternating_hydra_tabpfn_12l_lr1e4,epoch_20,20.0,tabpfn/models_diff/callback_alternating_hydra_tabpfn_12_layers_512e_lr0p0001_epoch_20.cpkt,23381,0.5241889655590057,0.5454545617103577,0.4829931855201721,0.6326530575752258,0.4228070080280304,0.5370370149612427
alternating_hydra_tabpfn_12l_lr1e4,epoch_20,20.0,tabpfn/models_diff/callback_alternating_hydra_tabpfn_12_layers_512e_lr0p0001_epoch_20.cpkt,40966,0.9993462443351746,0.9992614984512329,0.9994391202926636,0.9998437762260437,0.9992489814758301,0.9989378452301025
alternating_hydra_tabpfn_12l_lr1e4,epoch_20,20.0,tabpfn/models_diff/callback_alternating_hydra_tabpfn_12_layers_512e_lr0p0001_epoch_20.cpkt,40975,0.9796780228614808,0.9795666933059692,0.9814639091491699,0.9775007367134094,0.9684054255485535,0.9914533495903015
alternating_hydra_tabpfn_12l_lr1e4,epoch_20,20.0,tabpfn/models_diff/callback_alternating_hydra_tabpfn_12_layers_512e_lr0p0001_epoch_20.cpkt,40982,0.9359573483467102,0.9512746334075928,0.9422037601470947,0.9246374368667603,0.9414255023002625,0.9202454090118408
alternating_hydra_tabpfn_12l_lr1e4,epoch_20,20.0,tabpfn/models_diff/callback_alternating_hydra_tabpfn_12_layers_512e_lr0p0001_epoch_20.cpkt,40994,0.9252878665924072,0.9287062287330627,0.9136730432510376,0.9297086596488953,0.9054877758026123,0.9488636255264282
alternating_hydra_tabpfn_12l_lr1e4,epoch_40,40.0,tabpfn/models_diff/callback_alternating_hydra_tabpfn_12_layers_512e_lr0p0001_epoch_40.cpkt,11,0.9939319491386414,0.9981449842453003,0.9907922148704529,0.9961379170417786,0.9911754727363586,0.9934091567993164
alternating_hydra_tabpfn_12l_lr1e4,epoch_40,40.0,tabpfn/models_diff/callback_alternating_hydra_tabpfn_12_layers_512e_lr0p0001_epoch_40.cpkt,14,0.9645519495010376,0.9663044810295105,0.9668905735015869,0.9569963216781616,0.9674725532531738,0.9650958180427551
alternating_hydra_tabpfn_12l_lr1e4,epoch_40,40.0,tabpfn/models_diff/callback_alternating_hydra_tabpfn_12_layers_512e_lr0p0001_epoch_40.cpkt,15,0.991998302936554,0.9905710220336914,0.9916394352912903,0.9916819334030151,0.9910345077514648,0.9950646162033081
alternating_hydra_tabpfn_12l_lr1e4,epoch_40,40.0,tabpfn/models_diff/callback_alternating_hydra_tabpfn_12_layers_512e_lr0p0001_epoch_40.cpkt,16,0.9922833323478699,0.9882869124412537,0.9938139319419861,0.9911298751831055,0.9969041347503662,0.9912818074226379
alternating_hydra_tabpfn_12l_lr1e4,epoch_40,40.0,tabpfn/models_diff/callback_alternating_hydra_tabpfn_12_layers_512e_lr0p0001_epoch_40.cpkt,18,0.9579541802406311,0.9580311179161072,0.9550063014030457,0.9582040905952454,0.9581791162490845,0.9603502750396729
alternating_hydra_tabpfn_12l_lr1e4,epoch_40,40.0,tabpfn/models_diff/callback_alternating_hydra_tabpfn_12_layers_512e_lr0p0001_epoch_40.cpkt,22,0.9769404411315918,0.969995379447937,0.9794692993164062,0.975614070892334,0.9823383688926697,0.9772850871086121
alternating_hydra_tabpfn_12l_lr1e4,epoch_40,40.0,tabpfn/models_diff/callback_alternating_hydra_tabpfn_12_layers_512e_lr0p0001_epoch_40.cpkt,23,0.7080941557884216,0.6982705593109131,0.7018617391586304,0.7023938298225403,0.7131324410438538,0.7248122096061707
alternating_hydra_tabpfn_12l_lr1e4,epoch_40,40.0,tabpfn/models_diff/callback_alternating_hydra_tabpfn_12_layers_512e_lr0p0001_epoch_40.cpkt,29,0.9305822253227234,0.9422217011451721,0.9389140009880066,0.9170350432395935,0.9223542809486389,0.9323861002922058
alternating_hydra_tabpfn_12l_lr1e4,epoch_40,40.0,tabpfn/models_diff/callback_alternating_hydra_tabpfn_12_layers_512e_lr0p0001_epoch_40.cpkt,31,0.7848535895347595,0.7858997583389282,0.7819986343383789,0.7813431024551392,0.783610999584198,0.7914154529571533
alternating_hydra_tabpfn_12l_lr1e4,epoch_40,40.0,tabpfn/models_diff/callback_alternating_hydra_tabpfn_12_layers_512e_lr0p0001_epoch_40.cpkt,37,0.8295131087303161,0.7991192936897278,0.8328424692153931,0.8311988711357117,0.8307493329048157,0.8536555767059326
alternating_hydra_tabpfn_12l_lr1e4,epoch_40,40.0,tabpfn/models_diff/callback_alternating_hydra_tabpfn_12_layers_512e_lr0p0001_epoch_40.cpkt,50,0.8968821048736573,0.8950752019882202,0.9010218977928162,0.8999578952789307,0.8889514207839966,0.8994041085243225
alternating_hydra_tabpfn_12l_lr1e4,epoch_40,40.0,tabpfn/models_diff/callback_alternating_hydra_tabpfn_12_layers_512e_lr0p0001_epoch_40.cpkt,54,0.9371106266975403,0.9394055008888245,0.942909300327301,0.9379613995552063,0.9374114274978638,0.9278655052185059
alternating_hydra_tabpfn_12l_lr1e4,epoch_40,40.0,tabpfn/models_diff/callback_alternating_hydra_tabpfn_12_layers_512e_lr0p0001_epoch_40.cpkt,188,0.9108768701553345,0.9098292589187622,0.9155282974243164,0.9162058234214783,0.9163579344749451,0.8964630365371704
alternating_hydra_tabpfn_12l_lr1e4,epoch_40,40.0,tabpfn/models_diff/callback_alternating_hydra_tabpfn_12_layers_512e_lr0p0001_epoch_40.cpkt,458,0.9998794794082642,1.0,0.999954879283905,0.9996442794799805,1.0,0.9997982382774353
alternating_hydra_tabpfn_12l_lr1e4,epoch_40,40.0,tabpfn/models_diff/callback_alternating_hydra_tabpfn_12_layers_512e_lr0p0001_epoch_40.cpkt,469,0.5886893987655639,0.5855573415756226,0.6043218970298767,0.5780995488166809,0.5783730745315552,0.5970951318740845
alternating_hydra_tabpfn_12l_lr1e4,epoch_40,40.0,tabpfn/models_diff/callback_alternating_hydra_tabpfn_12_layers_512e_lr0p0001_epoch_40.cpkt,1049,0.9212955474853516,0.9023226499557495,0.9298158288002014,0.9192617535591125,0.9181756973266602,0.9369018077850342
alternating_hydra_tabpfn_12l_lr1e4,epoch_40,40.0,tabpfn/models_diff/callback_alternating_hydra_tabpfn_12_layers_512e_lr0p0001_epoch_40.cpkt,1050,0.8224666118621826,0.8480511903762817,0.8342394232749939,0.8005189299583435,0.7870586514472961,0.8424648642539978
alternating_hydra_tabpfn_12l_lr1e4,epoch_40,40.0,tabpfn/models_diff/callback_alternating_hydra_tabpfn_12_layers_512e_lr0p0001_epoch_40.cpkt,1063,0.8125865459442139,0.8455924391746521,0.766445517539978,0.7869796752929688,0.8577526211738586,0.8061624765396118
alternating_hydra_tabpfn_12l_lr1e4,epoch_40,40.0,tabpfn/models_diff/callback_alternating_hydra_tabpfn_12_layers_512e_lr0p0001_epoch_40.cpkt,1068,0.8536229252815246,0.8723628520965576,0.8900273442268372,0.7906481027603149,0.8465381860733032,0.8685381412506104
alternating_hydra_tabpfn_12l_lr1e4,epoch_40,40.0,tabpfn/models_diff/callback_alternating_hydra_tabpfn_12_layers_512e_lr0p0001_epoch_40.cpkt,1462,1.0,1.0,1.0,1.0,1.0,1.0
alternating_hydra_tabpfn_12l_lr1e4,epoch_40,40.0,tabpfn/models_diff/callback_alternating_hydra_tabpfn_12_layers_512e_lr0p0001_epoch_40.cpkt,1464,0.7540237307548523,0.7628121376037598,0.725547730922699,0.7562389373779297,0.7567838430404663,0.7687360048294067
alternating_hydra_tabpfn_12l_lr1e4,epoch_40,40.0,tabpfn/models_diff/callback_alternating_hydra_tabpfn_12_layers_512e_lr0p0001_epoch_40.cpkt,1480,0.7256157517433166,0.7241659164428711,0.7253823280334473,0.7531480193138123,0.7609176635742188,0.6644648313522339
alternating_hydra_tabpfn_12l_lr1e4,epoch_40,40.0,tabpfn/models_diff/callback_alternating_hydra_tabpfn_12_layers_512e_lr0p0001_epoch_40.cpkt,1494,0.9264973759651184,0.919754147529602,0.9382449984550476,0.9120920300483704,0.9339710474014282,0.9284246563911438
alternating_hydra_tabpfn_12l_lr1e4,epoch_40,40.0,tabpfn/models_diff/callback_alternating_hydra_tabpfn_12_layers_512e_lr0p0001_epoch_40.cpkt,1510,0.9962372779846191,0.9987502098083496,0.9969796538352966,0.9895461201667786,0.9976194500923157,0.9982909560203552
alternating_hydra_tabpfn_12l_lr1e4,epoch_40,40.0,tabpfn/models_diff/callback_alternating_hydra_tabpfn_12_layers_512e_lr0p0001_epoch_40.cpkt,6332,0.7820989966392518,0.8142968416213989,0.7473683953285217,0.8041733503341675,0.7846119999885559,0.7600443959236145
alternating_hydra_tabpfn_12l_lr1e4,epoch_40,40.0,tabpfn/models_diff/callback_alternating_hydra_tabpfn_12_layers_512e_lr0p0001_epoch_40.cpkt,23381,0.5124189972877502,0.6094276309013367,0.45578232407569885,0.5986394286155701,0.39824560284614563,0.5
alternating_hydra_tabpfn_12l_lr1e4,epoch_40,40.0,tabpfn/models_diff/callback_alternating_hydra_tabpfn_12_layers_512e_lr0p0001_epoch_40.cpkt,40966,0.9998468279838562,0.9998902678489685,1.0,1.0,1.0,0.9993438720703125
alternating_hydra_tabpfn_12l_lr1e4,epoch_40,40.0,tabpfn/models_diff/callback_alternating_hydra_tabpfn_12_layers_512e_lr0p0001_epoch_40.cpkt,40975,0.9733504533767701,0.9733317494392395,0.9857038855552673,0.9662484526634216,0.9528970122337341,0.9885711669921875
alternating_hydra_tabpfn_12l_lr1e4,epoch_40,40.0,tabpfn/models_diff/callback_alternating_hydra_tabpfn_12_layers_512e_lr0p0001_epoch_40.cpkt,40982,0.9466777682304383,0.9597634673118591,0.9501513242721558,0.9313750863075256,0.9578004479408264,0.9342985153198242
alternating_hydra_tabpfn_12l_lr1e4,epoch_40,40.0,tabpfn/models_diff/callback_alternating_hydra_tabpfn_12_layers_512e_lr0p0001_epoch_40.cpkt,40994,0.9389256715774537,0.9333193302154541,0.9495051503181458,0.9237805008888245,0.9340277910232544,0.9539955854415894
alternating_hydra_tabpfn_12l_lr1e4,epoch_60,60.0,tabpfn/models_diff/callback_alternating_hydra_tabpfn_12_layers_512e_lr0p0001_epoch_60.cpkt,11,0.9941735982894897,0.9972451329231262,0.99008709192276,0.995410680770874,0.9921010136604309,0.9960240721702576
alternating_hydra_tabpfn_12l_lr1e4,epoch_60,60.0,tabpfn/models_diff/callback_alternating_hydra_tabpfn_12_layers_512e_lr0p0001_epoch_60.cpkt,14,0.9675230026245117,0.9699829816818237,0.9688413143157959,0.9590742588043213,0.9708974957466125,0.9688189625740051
alternating_hydra_tabpfn_12l_lr1e4,epoch_60,60.0,tabpfn/models_diff/callback_alternating_hydra_tabpfn_12_layers_512e_lr0p0001_epoch_60.cpkt,15,0.9930729031562805,0.9929000735282898,0.9938435554504395,0.9917963743209839,0.9918773770332336,0.9949471354484558
alternating_hydra_tabpfn_12l_lr1e4,epoch_60,60.0,tabpfn/models_diff/callback_alternating_hydra_tabpfn_12_layers_512e_lr0p0001_epoch_60.cpkt,16,0.9939680337905884,0.9909116625785828,0.9952679872512817,0.992169976234436,0.9979234933853149,0.9935670495033264
alternating_hydra_tabpfn_12l_lr1e4,epoch_60,60.0,tabpfn/models_diff/callback_alternating_hydra_tabpfn_12_layers_512e_lr0p0001_epoch_60.cpkt,18,0.9621119976043702,0.9651371240615845,0.9594177007675171,0.9633386731147766,0.9579982161521912,0.9646682739257812
alternating_hydra_tabpfn_12l_lr1e4,epoch_60,60.0,tabpfn/models_diff/callback_alternating_hydra_tabpfn_12_layers_512e_lr0p0001_epoch_60.cpkt,22,0.979675543308258,0.9766882658004761,0.982132077217102,0.9777631759643555,0.9822078943252563,0.9795863032341003
alternating_hydra_tabpfn_12l_lr1e4,epoch_60,60.0,tabpfn/models_diff/callback_alternating_hydra_tabpfn_12_layers_512e_lr0p0001_epoch_60.cpkt,23,0.7037336111068726,0.6973334550857544,0.6956049799919128,0.7025179862976074,0.7021666765213013,0.7210449576377869
alternating_hydra_tabpfn_12l_lr1e4,epoch_60,60.0,tabpfn/models_diff/callback_alternating_hydra_tabpfn_12_layers_512e_lr0p0001_epoch_60.cpkt,29,0.9293166279792786,0.9444958567619324,0.9285821914672852,0.9146548509597778,0.9240520596504211,0.9347981810569763
alternating_hydra_tabpfn_12l_lr1e4,epoch_60,60.0,tabpfn/models_diff/callback_alternating_hydra_tabpfn_12_layers_512e_lr0p0001_epoch_60.cpkt,31,0.7851149320602417,0.7844834327697754,0.7854729890823364,0.7765422463417053,0.788947343826294,0.7901286482810974
alternating_hydra_tabpfn_12l_lr1e4,epoch_60,60.0,tabpfn/models_diff/callback_alternating_hydra_tabpfn_12_layers_512e_lr0p0001_epoch_60.cpkt,37,0.822610867023468,0.7913908362388611,0.8244830965995789,0.8298460841178894,0.8309646844863892,0.8363696336746216
alternating_hydra_tabpfn_12l_lr1e4,epoch_60,60.0,tabpfn/models_diff/callback_alternating_hydra_tabpfn_12_layers_512e_lr0p0001_epoch_60.cpkt,50,0.9514884114265442,0.9457330703735352,0.9563916921615601,0.9475386738777161,0.9481510519981384,0.9596275687217712
alternating_hydra_tabpfn_12l_lr1e4,epoch_60,60.0,tabpfn/models_diff/callback_alternating_hydra_tabpfn_12_layers_512e_lr0p0001_epoch_60.cpkt,54,0.9434912204742432,0.9500315189361572,0.9467664957046509,0.9440872073173523,0.941159188747406,0.9354116916656494
alternating_hydra_tabpfn_12l_lr1e4,epoch_60,60.0,tabpfn/models_diff/callback_alternating_hydra_tabpfn_12_layers_512e_lr0p0001_epoch_60.cpkt,188,0.9067936778068543,0.9050341248512268,0.9133000373840332,0.9109591841697693,0.9122998118400574,0.8923752307891846
alternating_hydra_tabpfn_12l_lr1e4,epoch_60,60.0,tabpfn/models_diff/callback_alternating_hydra_tabpfn_12_layers_512e_lr0p0001_epoch_60.cpkt,458,0.999977707862854,1.0,0.999993085861206,0.9999470710754395,1.0,0.9999483823776245
alternating_hydra_tabpfn_12l_lr1e4,epoch_60,60.0,tabpfn/models_diff/callback_alternating_hydra_tabpfn_12_layers_512e_lr0p0001_epoch_60.cpkt,469,0.5795515418052674,0.5817703008651733,0.5906692147254944,0.5675300359725952,0.5620747208595276,0.5957134366035461
alternating_hydra_tabpfn_12l_lr1e4,epoch_60,60.0,tabpfn/models_diff/callback_alternating_hydra_tabpfn_12_layers_512e_lr0p0001_epoch_60.cpkt,1049,0.9292170643806458,0.9091455340385437,0.9400503635406494,0.9259456396102905,0.9288429021835327,0.9421008825302124
alternating_hydra_tabpfn_12l_lr1e4,epoch_60,60.0,tabpfn/models_diff/callback_alternating_hydra_tabpfn_12_layers_512e_lr0p0001_epoch_60.cpkt,1050,0.8269388794898986,0.8494606018066406,0.8353576064109802,0.8054102063179016,0.795874297618866,0.848591685295105
alternating_hydra_tabpfn_12l_lr1e4,epoch_60,60.0,tabpfn/models_diff/callback_alternating_hydra_tabpfn_12_layers_512e_lr0p0001_epoch_60.cpkt,1063,0.8132353663444519,0.8509004712104797,0.7738388776779175,0.7964396476745605,0.8442508578300476,0.8007469773292542
alternating_hydra_tabpfn_12l_lr1e4,epoch_60,60.0,tabpfn/models_diff/callback_alternating_hydra_tabpfn_12_layers_512e_lr0p0001_epoch_60.cpkt,1068,0.8569929599761963,0.8765267729759216,0.9129098653793335,0.7912431359291077,0.8417320847511292,0.8625529408454895
alternating_hydra_tabpfn_12l_lr1e4,epoch_60,60.0,tabpfn/models_diff/callback_alternating_hydra_tabpfn_12_layers_512e_lr0p0001_epoch_60.cpkt,1462,1.0,1.0,1.0,1.0,1.0,1.0
alternating_hydra_tabpfn_12l_lr1e4,epoch_60,60.0,tabpfn/models_diff/callback_alternating_hydra_tabpfn_12_layers_512e_lr0p0001_epoch_60.cpkt,1464,0.7562675476074219,0.7679482102394104,0.7333333492279053,0.7526118755340576,0.7638375163078308,0.7636067867279053
alternating_hydra_tabpfn_12l_lr1e4,epoch_60,60.0,tabpfn/models_diff/callback_alternating_hydra_tabpfn_12_layers_512e_lr0p0001_epoch_60.cpkt,1480,0.7241050601005554,0.7289735674858093,0.7309430241584778,0.7463982105255127,0.7501934766769409,0.6640170216560364
alternating_hydra_tabpfn_12l_lr1e4,epoch_60,60.0,tabpfn/models_diff/callback_alternating_hydra_tabpfn_12_layers_512e_lr0p0001_epoch_60.cpkt,1494,0.9277981638908386,0.9229229092597961,0.9409071803092957,0.9135497808456421,0.931288480758667,0.9303224682807922
alternating_hydra_tabpfn_12l_lr1e4,epoch_60,60.0,tabpfn/models_diff/callback_alternating_hydra_tabpfn_12_layers_512e_lr0p0001_epoch_60.cpkt,1510,0.9961602926254273,0.998437762260437,0.9961464405059814,0.9905294179916382,0.997727632522583,0.9979602098464966
alternating_hydra_tabpfn_12l_lr1e4,epoch_60,60.0,tabpfn/models_diff/callback_alternating_hydra_tabpfn_12_layers_512e_lr0p0001_epoch_60.cpkt,6332,0.7785830020904541,0.8044548034667969,0.7424724698066711,0.812199056148529,0.7832892537117004,0.750499427318573
alternating_hydra_tabpfn_12l_lr1e4,epoch_60,60.0,tabpfn/models_diff/callback_alternating_hydra_tabpfn_12_layers_512e_lr0p0001_epoch_60.cpkt,23381,0.5103640139102936,0.5841751098632812,0.4591836631298065,0.5850340127944946,0.39649122953414917,0.5269360542297363
alternating_hydra_tabpfn_12l_lr1e4,epoch_60,60.0,tabpfn/models_diff/callback_alternating_hydra_tabpfn_12_layers_512e_lr0p0001_epoch_60.cpkt,40966,0.999984335899353,1.0,1.0,1.0,1.0,0.9999216794967651
alternating_hydra_tabpfn_12l_lr1e4,epoch_60,60.0,tabpfn/models_diff/callback_alternating_hydra_tabpfn_12_layers_512e_lr0p0001_epoch_60.cpkt,40975,0.9842843055725098,0.9873860478401184,0.9863072037696838,0.9812151193618774,0.9727250933647156,0.9937880635261536
alternating_hydra_tabpfn_12l_lr1e4,epoch_60,60.0,tabpfn/models_diff/callback_alternating_hydra_tabpfn_12_layers_512e_lr0p0001_epoch_60.cpkt,40982,0.9511041283607483,0.9622196555137634,0.9540225863456726,0.9382852911949158,0.9600346684455872,0.9409584403038025
alternating_hydra_tabpfn_12l_lr1e4,epoch_60,60.0,tabpfn/models_diff/callback_alternating_hydra_tabpfn_12_layers_512e_lr0p0001_epoch_60.cpkt,40994,0.9378230571746826,0.9349968433380127,0.9389662742614746,0.9346206188201904,0.9292852282524109,0.9512463212013245
alternating_hydra_tabpfn_12l_lr1e4,epoch_80,80.0,tabpfn/models_diff/callback_alternating_hydra_tabpfn_12_layers_512e_lr0p0001_epoch_80.cpkt,11,0.9958572626113892,0.9995455741882324,0.9936018586158752,0.9979037046432495,0.9915602207183838,0.9966749548912048
alternating_hydra_tabpfn_12l_lr1e4,epoch_80,80.0,tabpfn/models_diff/callback_alternating_hydra_tabpfn_12_layers_512e_lr0p0001_epoch_80.cpkt,14,0.9722025036811829,0.9747300148010254,0.9733827710151672,0.9643477201461792,0.9763541221618652,0.9721978902816772
alternating_hydra_tabpfn_12l_lr1e4,epoch_80,80.0,tabpfn/models_diff/callback_alternating_hydra_tabpfn_12_layers_512e_lr0p0001_epoch_80.cpkt,15,0.9926106214523316,0.9916228652000427,0.9926655292510986,0.9917963743209839,0.992452085018158,0.9945162534713745
alternating_hydra_tabpfn_12l_lr1e4,epoch_80,80.0,tabpfn/models_diff/callback_alternating_hydra_tabpfn_12_layers_512e_lr0p0001_epoch_80.cpkt,16,0.9958830714225769,0.993474543094635,0.9968230724334717,0.995088517665863,0.9985669255256653,0.9954622983932495
alternating_hydra_tabpfn_12l_lr1e4,epoch_80,80.0,tabpfn/models_diff/callback_alternating_hydra_tabpfn_12_layers_512e_lr0p0001_epoch_80.cpkt,18,0.9608731389045715,0.9650824666023254,0.9581294059753418,0.9613311290740967,0.954730212688446,0.9650924801826477
alternating_hydra_tabpfn_12l_lr1e4,epoch_80,80.0,tabpfn/models_diff/callback_alternating_hydra_tabpfn_12_layers_512e_lr0p0001_epoch_80.cpkt,22,0.9816566944122315,0.9800098538398743,0.9828993678092957,0.979678213596344,0.9839778542518616,0.9817181825637817
alternating_hydra_tabpfn_12l_lr1e4,epoch_80,80.0,tabpfn/models_diff/callback_alternating_hydra_tabpfn_12_layers_512e_lr0p0001_epoch_80.cpkt,23,0.7075056672096253,0.6986123919487,0.7032878994941711,0.7006034851074219,0.7130765318870544,0.7219480276107788
alternating_hydra_tabpfn_12l_lr1e4,epoch_80,80.0,tabpfn/models_diff/callback_alternating_hydra_tabpfn_12_layers_512e_lr0p0001_epoch_80.cpkt,29,0.9316444754600525,0.9417206048965454,0.9347662329673767,0.9202085733413696,0.9248066544532776,0.9367203116416931
alternating_hydra_tabpfn_12l_lr1e4,epoch_80,80.0,tabpfn/models_diff/callback_alternating_hydra_tabpfn_12_layers_512e_lr0p0001_epoch_80.cpkt,31,0.7878125905990601,0.7869423031806946,0.7877572178840637,0.7810394763946533,0.7889857292175293,0.7943382263183594
alternating_hydra_tabpfn_12l_lr1e4,epoch_80,80.0,tabpfn/models_diff/callback_alternating_hydra_tabpfn_12_layers_512e_lr0p0001_epoch_80.cpkt,37,0.8367812991142273,0.8096935749053955,0.8420348167419434,0.8422919511795044,0.8364710211753845,0.8534151315689087
alternating_hydra_tabpfn_12l_lr1e4,epoch_80,80.0,tabpfn/models_diff/callback_alternating_hydra_tabpfn_12_layers_512e_lr0p0001_epoch_80.cpkt,50,0.9498532891273499,0.9491165280342102,0.952081024646759,0.9497779607772827,0.9468384385108948,0.9514524936676025
alternating_hydra_tabpfn_12l_lr1e4,epoch_80,80.0,tabpfn/models_diff/callback_alternating_hydra_tabpfn_12_layers_512e_lr0p0001_epoch_80.cpkt,54,0.9466905117034912,0.9527479410171509,0.9499490261077881,0.9508056640625,0.9429293274879456,0.9370205998420715
alternating_hydra_tabpfn_12l_lr1e4,epoch_80,80.0,tabpfn/models_diff/callback_alternating_hydra_tabpfn_12_layers_512e_lr0p0001_epoch_80.cpkt,188,0.9110316276550293,0.910809338092804,0.9192941188812256,0.9147093296051025,0.9167162775993347,0.8936290740966797
alternating_hydra_tabpfn_12l_lr1e4,epoch_80,80.0,tabpfn/models_diff/callback_alternating_hydra_tabpfn_12_layers_512e_lr0p0001_epoch_80.cpkt,458,0.9999733209609986,1.0,0.999973475933075,0.9999508857727051,1.0,0.9999422430992126
alternating_hydra_tabpfn_12l_lr1e4,epoch_80,80.0,tabpfn/models_diff/callback_alternating_hydra_tabpfn_12_layers_512e_lr0p0001_epoch_80.cpkt,469,0.580849575996399,0.5809046030044556,0.5882630348205566,0.5765858292579651,0.5712168216705322,0.5872775912284851
alternating_hydra_tabpfn_12l_lr1e4,epoch_80,80.0,tabpfn/models_diff/callback_alternating_hydra_tabpfn_12_layers_512e_lr0p0001_epoch_80.cpkt,1049,0.9290978312492371,0.9087920188903809,0.9453166127204895,0.9227935671806335,0.9293219447135925,0.9392650127410889
alternating_hydra_tabpfn_12l_lr1e4,epoch_80,80.0,tabpfn/models_diff/callback_alternating_hydra_tabpfn_12_layers_512e_lr0p0001_epoch_80.cpkt,1050,0.8289229035377502,0.8508700728416443,0.8375168442726135,0.8113648891448975,0.7945519685745239,0.850310742855072
alternating_hydra_tabpfn_12l_lr1e4,epoch_80,80.0,tabpfn/models_diff/callback_alternating_hydra_tabpfn_12_layers_512e_lr0p0001_epoch_80.cpkt,1063,0.8142688035964966,0.8436018824577332,0.7836018800735474,0.7952356338500977,0.849651575088501,0.7992530465126038
alternating_hydra_tabpfn_12l_lr1e4,epoch_80,80.0,tabpfn/models_diff/callback_alternating_hydra_tabpfn_12_layers_512e_lr0p0001_epoch_80.cpkt,1068,0.8602646946907043,0.8794692158699036,0.9088114500045776,0.788962185382843,0.8554365634918213,0.8686440587043762
alternating_hydra_tabpfn_12l_lr1e4,epoch_80,80.0,tabpfn/models_diff/callback_alternating_hydra_tabpfn_12_layers_512e_lr0p0001_epoch_80.cpkt,1462,1.0,1.0,1.0,1.0,1.0,1.0
alternating_hydra_tabpfn_12l_lr1e4,epoch_80,80.0,tabpfn/models_diff/callback_alternating_hydra_tabpfn_12_layers_512e_lr0p0001_epoch_80.cpkt,1464,0.7582637071609497,0.7633332014083862,0.7295774817466736,0.7621131539344788,0.7606382966041565,0.7756564021110535
alternating_hydra_tabpfn_12l_lr1e4,epoch_80,80.0,tabpfn/models_diff/callback_alternating_hydra_tabpfn_12_layers_512e_lr0p0001_epoch_80.cpkt,1480,0.7306516170501709,0.7310588359832764,0.7431649565696716,0.758650004863739,0.7533444166183472,0.6670398712158203
alternating_hydra_tabpfn_12l_lr1e4,epoch_80,80.0,tabpfn/models_diff/callback_alternating_hydra_tabpfn_12_layers_512e_lr0p0001_epoch_80.cpkt,1494,0.9296048760414124,0.9260742664337158,0.9428232312202454,0.9151961207389832,0.9327203631401062,0.9312103986740112
alternating_hydra_tabpfn_12l_lr1e4,epoch_80,80.0,tabpfn/models_diff/callback_alternating_hydra_tabpfn_12_layers_512e_lr0p0001_epoch_80.cpkt,1510,0.996353828907013,0.9988022446632385,0.9958339929580688,0.9917197227478027,0.997673511505127,0.9977396726608276
alternating_hydra_tabpfn_12l_lr1e4,epoch_80,80.0,tabpfn/models_diff/callback_alternating_hydra_tabpfn_12_layers_512e_lr0p0001_epoch_80.cpkt,6332,0.7832409262657165,0.803936779499054,0.7400245070457458,0.8005044460296631,0.7843915224075317,0.7873473763465881
alternating_hydra_tabpfn_12l_lr1e4,epoch_80,80.0,tabpfn/models_diff/callback_alternating_hydra_tabpfn_12_layers_512e_lr0p0001_epoch_80.cpkt,23381,0.5141566455364227,0.5959596037864685,0.45408162474632263,0.5850340127944946,0.40877193212509155,0.5269360542297363
alternating_hydra_tabpfn_12l_lr1e4,epoch_80,80.0,tabpfn/models_diff/callback_alternating_hydra_tabpfn_12_layers_512e_lr0p0001_epoch_80.cpkt,40966,1.0,1.0,1.0,1.0,1.0,1.0
alternating_hydra_tabpfn_12l_lr1e4,epoch_80,80.0,tabpfn/models_diff/callback_alternating_hydra_tabpfn_12_layers_512e_lr0p0001_epoch_80.cpkt,40975,0.9798707127571106,0.9799119234085083,0.9890984892845154,0.9738454222679138,0.9633646607398987,0.9931330680847168
alternating_hydra_tabpfn_12l_lr1e4,epoch_80,80.0,tabpfn/models_diff/callback_alternating_hydra_tabpfn_12_layers_512e_lr0p0001_epoch_80.cpkt,40982,0.9502278447151185,0.9619776606559753,0.9544374346733093,0.9367254376411438,0.9579566121101379,0.9400420784950256
alternating_hydra_tabpfn_12l_lr1e4,epoch_80,80.0,tabpfn/models_diff/callback_alternating_hydra_tabpfn_12_layers_512e_lr0p0001_epoch_80.cpkt,40994,0.9423348903656006,0.9364646673202515,0.9486803412437439,0.9372459053993225,0.9387703537940979,0.9505131840705872
alternating_hydra_tabpfn_12l_lr1e4,epoch_100,100.0,tabpfn/models_diff/callback_alternating_hydra_tabpfn_12_layers_512e_lr0p0001_epoch_100.cpkt,11,0.9954955220222473,0.9991824626922607,0.9928995370864868,0.9954662322998047,0.9936767220497131,0.9962526559829712
alternating_hydra_tabpfn_12l_lr1e4,epoch_100,100.0,tabpfn/models_diff/callback_alternating_hydra_tabpfn_12_layers_512e_lr0p0001_epoch_100.cpkt,14,0.9738852381706238,0.9764642715454102,0.9750625491142273,0.9675614237785339,0.9770072102546692,0.9733307361602783
alternating_hydra_tabpfn_12l_lr1e4,epoch_100,100.0,tabpfn/models_diff/callback_alternating_hydra_tabpfn_12_layers_512e_lr0p0001_epoch_100.cpkt,15,0.9927149057388306,0.9919984936714172,0.9928935170173645,0.9919108748435974,0.9924904108047485,0.9942812323570251
alternating_hydra_tabpfn_12l_lr1e4,epoch_100,100.0,tabpfn/models_diff/callback_alternating_hydra_tabpfn_12_layers_512e_lr0p0001_epoch_100.cpkt,16,0.9965422034263611,0.9950523972511292,0.9971228241920471,0.995208740234375,0.9987330436706543,0.9965940117835999
alternating_hydra_tabpfn_12l_lr1e4,epoch_100,100.0,tabpfn/models_diff/callback_alternating_hydra_tabpfn_12_layers_512e_lr0p0001_epoch_100.cpkt,18,0.9632312774658203,0.9664353132247925,0.9603868722915649,0.9629093408584595,0.9612177014350891,0.9652071595191956
alternating_hydra_tabpfn_12l_lr1e4,epoch_100,100.0,tabpfn/models_diff/callback_alternating_hydra_tabpfn_12_layers_512e_lr0p0001_epoch_100.cpkt,22,0.9813263773918152,0.979644238948822,0.9828560948371887,0.979261040687561,0.9829893112182617,0.9818812012672424
alternating_hydra_tabpfn_12l_lr1e4,epoch_100,100.0,tabpfn/models_diff/callback_alternating_hydra_tabpfn_12_layers_512e_lr0p0001_epoch_100.cpkt,23,0.7021549940109253,0.6924116611480713,0.6956168413162231,0.6972529292106628,0.7048002481460571,0.7206932902336121
alternating_hydra_tabpfn_12l_lr1e4,epoch_100,100.0,tabpfn/models_diff/callback_alternating_hydra_tabpfn_12_layers_512e_lr0p0001_epoch_100.cpkt,29,0.9310660243034363,0.9440718293190002,0.9303921461105347,0.9173372387886047,0.9289945363998413,0.9345343708992004
alternating_hydra_tabpfn_12l_lr1e4,epoch_100,100.0,tabpfn/models_diff/callback_alternating_hydra_tabpfn_12_layers_512e_lr0p0001_epoch_100.cpkt,31,0.7887782335281373,0.7916043996810913,0.7854537963867188,0.7832217216491699,0.7883906364440918,0.7952206134796143
alternating_hydra_tabpfn_12l_lr1e4,epoch_100,100.0,tabpfn/models_diff/callback_alternating_hydra_tabpfn_12_layers_512e_lr0p0001_epoch_100.cpkt,37,0.8280374765396118,0.8020549416542053,0.8334671854972839,0.8336640000343323,0.8309339284896851,0.8400673270225525
alternating_hydra_tabpfn_12l_lr1e4,epoch_100,100.0,tabpfn/models_diff/callback_alternating_hydra_tabpfn_12_layers_512e_lr0p0001_epoch_100.cpkt,50,0.9547832489013672,0.9539285898208618,0.955425500869751,0.9541991949081421,0.9475510120391846,0.9628119468688965
alternating_hydra_tabpfn_12l_lr1e4,epoch_100,100.0,tabpfn/models_diff/callback_alternating_hydra_tabpfn_12_layers_512e_lr0p0001_epoch_100.cpkt,54,0.949166214466095,0.9551340937614441,0.9514187574386597,0.9509193897247314,0.9465972781181335,0.9417615532875061
alternating_hydra_tabpfn_12l_lr1e4,epoch_100,100.0,tabpfn/models_diff/callback_alternating_hydra_tabpfn_12_layers_512e_lr0p0001_epoch_100.cpkt,188,0.9099397301673889,0.9105604290962219,0.9186224937438965,0.9155600070953369,0.9133033156394958,0.8916524052619934
alternating_hydra_tabpfn_12l_lr1e4,epoch_100,100.0,tabpfn/models_diff/callback_alternating_hydra_tabpfn_12_layers_512e_lr0p0001_epoch_100.cpkt,458,0.9999969720840454,1.0,1.0,0.999984860420227,1.0,1.0
alternating_hydra_tabpfn_12l_lr1e4,epoch_100,100.0,tabpfn/models_diff/callback_alternating_hydra_tabpfn_12_layers_512e_lr0p0001_epoch_100.cpkt,469,0.576098906993866,0.5788882374763489,0.5814180374145508,0.5622024536132812,0.5690559148788452,0.5889298915863037
alternating_hydra_tabpfn_12l_lr1e4,epoch_100,100.0,tabpfn/models_diff/callback_alternating_hydra_tabpfn_12_layers_512e_lr0p0001_epoch_100.cpkt,1049,0.9309310793876648,0.9098879098892212,0.9427331686019897,0.9245784878730774,0.9345278143882751,0.9429280161857605
alternating_hydra_tabpfn_12l_lr1e4,epoch_100,100.0,tabpfn/models_diff/callback_alternating_hydra_tabpfn_12_layers_512e_lr0p0001_epoch_100.cpkt,1050,0.8264079213142395,0.8509784936904907,0.8425679802894592,0.8032835721969604,0.7946841716766357,0.8405253887176514
alternating_hydra_tabpfn_12l_lr1e4,epoch_100,100.0,tabpfn/models_diff/callback_alternating_hydra_tabpfn_12_layers_512e_lr0p0001_epoch_100.cpkt,1063,0.7923638343811035,0.8255923986434937,0.7707108855247498,0.7903336882591248,0.7854529619216919,0.7897292375564575
alternating_hydra_tabpfn_12l_lr1e4,epoch_100,100.0,tabpfn/models_diff/callback_alternating_hydra_tabpfn_12_layers_512e_lr0p0001_epoch_100.cpkt,1068,0.8634233117103577,0.8819120526313782,0.9142759442329407,0.8036395907402039,0.844301700592041,0.8729872703552246
alternating_hydra_tabpfn_12l_lr1e4,epoch_100,100.0,tabpfn/models_diff/callback_alternating_hydra_tabpfn_12_layers_512e_lr0p0001_epoch_100.cpkt,1462,1.0,1.0,1.0,1.0,1.0,1.0
alternating_hydra_tabpfn_12l_lr1e4,epoch_100,100.0,tabpfn/models_diff/callback_alternating_hydra_tabpfn_12_layers_512e_lr0p0001_epoch_100.cpkt,1464,0.7503836870193481,0.757527232170105,0.7191705703735352,0.7513896822929382,0.7578631043434143,0.765967845916748
alternating_hydra_tabpfn_12l_lr1e4,epoch_100,100.0,tabpfn/models_diff/callback_alternating_hydra_tabpfn_12_layers_512e_lr0p0001_epoch_100.cpkt,1480,0.7247984528541564,0.7283943295478821,0.7281047105789185,0.7453771829605103,0.7491984367370605,0.6729176044464111
alternating_hydra_tabpfn_12l_lr1e4,epoch_100,100.0,tabpfn/models_diff/callback_alternating_hydra_tabpfn_12_layers_512e_lr0p0001_epoch_100.cpkt,1494,0.9303009510040283,0.9253777861595154,0.9436371326446533,0.915007472038269,0.9327375888824463,0.9347447752952576
alternating_hydra_tabpfn_12l_lr1e4,epoch_100,100.0,tabpfn/models_diff/callback_alternating_hydra_tabpfn_12_layers_512e_lr0p0001_epoch_100.cpkt,1510,0.9962858200073242,0.9988022446632385,0.9960423111915588,0.9907364249229431,0.9979981780052185,0.9978499412536621
alternating_hydra_tabpfn_12l_lr1e4,epoch_100,100.0,tabpfn/models_diff/callback_alternating_hydra_tabpfn_12_layers_512e_lr0p0001_epoch_100.cpkt,6332,0.7853965044021607,0.816368818283081,0.745654821395874,0.8034854531288147,0.7923280596733093,0.7691453695297241
alternating_hydra_tabpfn_12l_lr1e4,epoch_100,100.0,tabpfn/models_diff/callback_alternating_hydra_tabpfn_12_layers_512e_lr0p0001_epoch_100.cpkt,23381,0.496369457244873,0.5757575631141663,0.4217686951160431,0.5425170063972473,0.39298245310783386,0.5488215684890747
alternating_hydra_tabpfn_12l_lr1e4,epoch_100,100.0,tabpfn/models_diff/callback_alternating_hydra_tabpfn_12_layers_512e_lr0p0001_epoch_100.cpkt,40966,1.0,1.0,1.0,1.0,1.0,1.0
alternating_hydra_tabpfn_12l_lr1e4,epoch_100,100.0,tabpfn/models_diff/callback_alternating_hydra_tabpfn_12_layers_512e_lr0p0001_epoch_100.cpkt,40975,0.98493332862854,0.9835689663887024,0.9961330890655518,0.9792051315307617,0.970579981803894,0.9951794743537903
alternating_hydra_tabpfn_12l_lr1e4,epoch_100,100.0,tabpfn/models_diff/callback_alternating_hydra_tabpfn_12_layers_512e_lr0p0001_epoch_100.cpkt,40982,0.9513768315315246,0.9636290669441223,0.9546113014221191,0.9379491209983826,0.9596137404441833,0.9410809278488159
alternating_hydra_tabpfn_12l_lr1e4,epoch_100,100.0,tabpfn/models_diff/callback_alternating_hydra_tabpfn_12_layers_512e_lr0p0001_epoch_100.cpkt,40994,0.94337397813797,0.9395051598548889,0.9378665685653687,0.9450372457504272,0.9415650367736816,0.9528958797454834
alternating_hydra_tabpfn_12l_lr1e4,epoch_120,120.0,tabpfn/models_diff/callback_alternating_hydra_tabpfn_12_layers_512e_lr0p0001_epoch_120.cpkt,11,0.9960707187652588,0.9995399117469788,0.9939410090446472,0.9971579909324646,0.9935556054115295,0.9961590766906738
alternating_hydra_tabpfn_12l_lr1e4,epoch_120,120.0,tabpfn/models_diff/callback_alternating_hydra_tabpfn_12_layers_512e_lr0p0001_epoch_120.cpkt,14,0.973103654384613,0.9759050607681274,0.9738268256187439,0.9665928483009338,0.9763733744621277,0.9728201627731323
alternating_hydra_tabpfn_12l_lr1e4,epoch_120,120.0,tabpfn/models_diff/callback_alternating_hydra_tabpfn_12_layers_512e_lr0p0001_epoch_120.cpkt,15,0.9926690459251404,0.9925244450569153,0.9918294548988342,0.9917582273483276,0.9928735494613647,0.99435955286026
alternating_hydra_tabpfn_12l_lr1e4,epoch_120,120.0,tabpfn/models_diff/callback_alternating_hydra_tabpfn_12_layers_512e_lr0p0001_epoch_120.cpkt,16,0.9967974543571472,0.9956239461898804,0.997244119644165,0.9956417679786682,0.9989867210388184,0.9964907169342041
alternating_hydra_tabpfn_12l_lr1e4,epoch_120,120.0,tabpfn/models_diff/callback_alternating_hydra_tabpfn_12_layers_512e_lr0p0001_epoch_120.cpkt,18,0.9631201148033142,0.9663993120193481,0.9599529504776001,0.9640249609947205,0.9610427021980286,0.9641806483268738
alternating_hydra_tabpfn_12l_lr1e4,epoch_120,120.0,tabpfn/models_diff/callback_alternating_hydra_tabpfn_12_layers_512e_lr0p0001_epoch_120.cpkt,22,0.9810613751411438,0.979274332523346,0.9827893376350403,0.9787681102752686,0.9827290177345276,0.9817460775375366
alternating_hydra_tabpfn_12l_lr1e4,epoch_120,120.0,tabpfn/models_diff/callback_alternating_hydra_tabpfn_12_layers_512e_lr0p0001_epoch_120.cpkt,23,0.7052149772644043,0.6927861571311951,0.7008384466171265,0.6991970539093018,0.7105259299278259,0.7227272987365723
alternating_hydra_tabpfn_12l_lr1e4,epoch_120,120.0,tabpfn/models_diff/callback_alternating_hydra_tabpfn_12_layers_512e_lr0p0001_epoch_120.cpkt,29,0.9310656070709229,0.9440333247184753,0.929826557636261,0.9172239303588867,0.9283154010772705,0.9359288215637207
alternating_hydra_tabpfn_12l_lr1e4,epoch_120,120.0,tabpfn/models_diff/callback_alternating_hydra_tabpfn_12_layers_512e_lr0p0001_epoch_120.cpkt,31,0.7846979141235352,0.7866079211235046,0.7849547266960144,0.7815707921981812,0.7796759605407715,0.7906801700592041
alternating_hydra_tabpfn_12l_lr1e4,epoch_120,120.0,tabpfn/models_diff/callback_alternating_hydra_tabpfn_12_layers_512e_lr0p0001_epoch_120.cpkt,37,0.8270807266235352,0.8048408031463623,0.8320987820625305,0.8318001627922058,0.8292420506477356,0.8374218344688416
alternating_hydra_tabpfn_12l_lr1e4,epoch_120,120.0,tabpfn/models_diff/callback_alternating_hydra_tabpfn_12_layers_512e_lr0p0001_epoch_120.cpkt,50,0.9635664463043213,0.9614097476005554,0.966350793838501,0.9593477249145508,0.9593459367752075,0.9713780283927917
alternating_hydra_tabpfn_12l_lr1e4,epoch_120,120.0,tabpfn/models_diff/callback_alternating_hydra_tabpfn_12_layers_512e_lr0p0001_epoch_120.cpkt,54,0.9510964035987854,0.9575249552726746,0.9536505341529846,0.9515259861946106,0.9492377042770386,0.9435428380966187
alternating_hydra_tabpfn_12l_lr1e4,epoch_120,120.0,tabpfn/models_diff/callback_alternating_hydra_tabpfn_12_layers_512e_lr0p0001_epoch_120.cpkt,188,0.9122346401214599,0.9120489954948425,0.9184057712554932,0.9162904620170593,0.916890561580658,0.8975374102592468
alternating_hydra_tabpfn_12l_lr1e4,epoch_120,120.0,tabpfn/models_diff/callback_alternating_hydra_tabpfn_12_layers_512e_lr0p0001_epoch_120.cpkt,458,0.999980342388153,1.0,1.0,0.9999659657478333,1.0,0.9999357461929321
alternating_hydra_tabpfn_12l_lr1e4,epoch_120,120.0,tabpfn/models_diff/callback_alternating_hydra_tabpfn_12_layers_512e_lr0p0001_epoch_120.cpkt,469,0.5781097531318664,0.5760509371757507,0.5883804559707642,0.5668823719024658,0.5671213269233704,0.5921136736869812
alternating_hydra_tabpfn_12l_lr1e4,epoch_120,120.0,tabpfn/models_diff/callback_alternating_hydra_tabpfn_12_layers_512e_lr0p0001_epoch_120.cpkt,1049,0.9295863270759582,0.9085798859596252,0.9418389201164246,0.9260595440864563,0.9301204085350037,0.9413328766822815
alternating_hydra_tabpfn_12l_lr1e4,epoch_120,120.0,tabpfn/models_diff/callback_alternating_hydra_tabpfn_12_layers_512e_lr0p0001_epoch_120.cpkt,1050,0.8274759769439697,0.8502195477485657,0.8435704708099365,0.8000935912132263,0.7956538796424866,0.8478423953056335
alternating_hydra_tabpfn_12l_lr1e4,epoch_120,120.0,tabpfn/models_diff/callback_alternating_hydra_tabpfn_12_layers_512e_lr0p0001_epoch_120.cpkt,1063,0.8018468618392944,0.8219905495643616,0.7965877056121826,0.7891296744346619,0.8112369179725647,0.7902894616127014
alternating_hydra_tabpfn_12l_lr1e4,epoch_120,120.0,tabpfn/models_diff/callback_alternating_hydra_tabpfn_12_layers_512e_lr0p0001_epoch_120.cpkt,1068,0.8700670003890991,0.8965689539909363,0.9188012480735779,0.7976893186569214,0.8549131751060486,0.8823623061180115
alternating_hydra_tabpfn_12l_lr1e4,epoch_120,120.0,tabpfn/models_diff/callback_alternating_hydra_tabpfn_12_layers_512e_lr0p0001_epoch_120.cpkt,1462,1.0,1.0,1.0,1.0,1.0,1.0
alternating_hydra_tabpfn_12l_lr1e4,epoch_120,120.0,tabpfn/models_diff/callback_alternating_hydra_tabpfn_12_layers_512e_lr0p0001_epoch_120.cpkt,1464,0.7408396244049072,0.7407793402671814,0.6998435258865356,0.742243230342865,0.7552420496940613,0.7660899758338928
alternating_hydra_tabpfn_12l_lr1e4,epoch_120,120.0,tabpfn/models_diff/callback_alternating_hydra_tabpfn_12_layers_512e_lr0p0001_epoch_120.cpkt,1480,0.7238133788108826,0.7258456945419312,0.7346501350402832,0.7446398138999939,0.7412935495376587,0.6726377010345459
alternating_hydra_tabpfn_12l_lr1e4,epoch_120,120.0,tabpfn/models_diff/callback_alternating_hydra_tabpfn_12_layers_512e_lr0p0001_epoch_120.cpkt,1494,0.9306805491447449,0.926701009273529,0.9450953602790833,0.9157277345657349,0.9329445958137512,0.932934045791626
alternating_hydra_tabpfn_12l_lr1e4,epoch_120,120.0,tabpfn/models_diff/callback_alternating_hydra_tabpfn_12_layers_512e_lr0p0001_epoch_120.cpkt,1510,0.9963967561721802,0.9986460208892822,0.9961985349655151,0.9906846880912781,0.9979981780052185,0.9984563589096069
alternating_hydra_tabpfn_12l_lr1e4,epoch_120,120.0,tabpfn/models_diff/callback_alternating_hydra_tabpfn_12_layers_512e_lr0p0001_epoch_120.cpkt,6332,0.7878138780593872,0.809634804725647,0.7539779543876648,0.8064664006233215,0.7967371940612793,0.7722530364990234
alternating_hydra_tabpfn_12l_lr1e4,epoch_120,120.0,tabpfn/models_diff/callback_alternating_hydra_tabpfn_12_layers_512e_lr0p0001_epoch_120.cpkt,23381,0.5108068466186524,0.5909090638160706,0.4285714328289032,0.5629251599311829,0.4228070080280304,0.5488215684890747
alternating_hydra_tabpfn_12l_lr1e4,epoch_120,120.0,tabpfn/models_diff/callback_alternating_hydra_tabpfn_12_layers_512e_lr0p0001_epoch_120.cpkt,40966,1.0,1.0,1.0,1.0,1.0,1.0
alternating_hydra_tabpfn_12l_lr1e4,epoch_120,120.0,tabpfn/models_diff/callback_alternating_hydra_tabpfn_12_layers_512e_lr0p0001_epoch_120.cpkt,40975,0.9840313911437988,0.9855942130088806,0.9950027465820312,0.9773057699203491,0.9667744636535645,0.9954797625541687
alternating_hydra_tabpfn_12l_lr1e4,epoch_120,120.0,tabpfn/models_diff/callback_alternating_hydra_tabpfn_12_layers_512e_lr0p0001_epoch_120.cpkt,40982,0.95082186460495,0.9631633758544922,0.9554125666618347,0.9392096400260925,0.9581379890441895,0.9381857514381409
alternating_hydra_tabpfn_12l_lr1e4,epoch_120,120.0,tabpfn/models_diff/callback_alternating_hydra_tabpfn_12_layers_512e_lr0p0001_epoch_120.cpkt,40994,0.9475489139556885,0.9425455927848816,0.9528958797454834,0.9456300735473633,0.9402947425842285,0.9563782811164856
alternating_hydra_tabpfn_12l_lr1e4,epoch_140,140.0,tabpfn/models_diff/callback_alternating_hydra_tabpfn_12_layers_512e_lr0p0001_epoch_140.cpkt,11,0.9955491900444031,0.9996549487113953,0.9936710000038147,0.9971917271614075,0.991550087928772,0.995678186416626
alternating_hydra_tabpfn_12l_lr1e4,epoch_140,140.0,tabpfn/models_diff/callback_alternating_hydra_tabpfn_12_layers_512e_lr0p0001_epoch_140.cpkt,14,0.9737355470657348,0.975970983505249,0.9742605090141296,0.9684104919433594,0.9760546088218689,0.9739811420440674
alternating_hydra_tabpfn_12l_lr1e4,epoch_140,140.0,tabpfn/models_diff/callback_alternating_hydra_tabpfn_12_layers_512e_lr0p0001_epoch_140.cpkt,15,0.9921798825263977,0.9922239184379578,0.9916014075279236,0.9906898736953735,0.9922988414764404,0.9940853714942932
alternating_hydra_tabpfn_12l_lr1e4,epoch_140,140.0,tabpfn/models_diff/callback_alternating_hydra_tabpfn_12_layers_512e_lr0p0001_epoch_140.cpkt,16,0.9967849612236023,0.995659589767456,0.9974089860916138,0.9954365491867065,0.9987918138504028,0.9966278672218323
alternating_hydra_tabpfn_12l_lr1e4,epoch_140,140.0,tabpfn/models_diff/callback_alternating_hydra_tabpfn_12_layers_512e_lr0p0001_epoch_140.cpkt,18,0.9635724067687989,0.9670825004577637,0.960594892501831,0.9638636708259583,0.9614258408546448,0.9648951292037964
alternating_hydra_tabpfn_12l_lr1e4,epoch_140,140.0,tabpfn/models_diff/callback_alternating_hydra_tabpfn_12_layers_512e_lr0p0001_epoch_140.cpkt,22,0.9815721392631531,0.9795037508010864,0.9829156994819641,0.9800592064857483,0.9831127524375916,0.982269287109375
alternating_hydra_tabpfn_12l_lr1e4,epoch_140,140.0,tabpfn/models_diff/callback_alternating_hydra_tabpfn_12_layers_512e_lr0p0001_epoch_140.cpkt,23,0.7030914902687073,0.688449501991272,0.6984100341796875,0.6995067596435547,0.7072604894638062,0.7218306660652161
alternating_hydra_tabpfn_12l_lr1e4,epoch_140,140.0,tabpfn/models_diff/callback_alternating_hydra_tabpfn_12_layers_512e_lr0p0001_epoch_140.cpkt,29,0.9302797913551331,0.9420675039291382,0.9288084506988525,0.9158260822296143,0.9286926984786987,0.9360042214393616
alternating_hydra_tabpfn_12l_lr1e4,epoch_140,140.0,tabpfn/models_diff/callback_alternating_hydra_tabpfn_12_layers_512e_lr0p0001_epoch_140.cpkt,31,0.7844938278198242,0.7863522171974182,0.7863559722900391,0.7795024514198303,0.781710684299469,0.7885478138923645
alternating_hydra_tabpfn_12l_lr1e4,epoch_140,140.0,tabpfn/models_diff/callback_alternating_hydra_tabpfn_12_layers_512e_lr0p0001_epoch_140.cpkt,37,0.8218695163726807,0.797681450843811,0.8295701146125793,0.827892005443573,0.828626811504364,0.8255771994590759
alternating_hydra_tabpfn_12l_lr1e4,epoch_140,140.0,tabpfn/models_diff/callback_alternating_hydra_tabpfn_12_layers_512e_lr0p0001_epoch_140.cpkt,50,0.9664587497711181,0.9647180438041687,0.9691007137298584,0.9634053111076355,0.9630212783813477,0.9720484018325806
alternating_hydra_tabpfn_12l_lr1e4,epoch_140,140.0,tabpfn/models_diff/callback_alternating_hydra_tabpfn_12_layers_512e_lr0p0001_epoch_140.cpkt,54,0.9533342361450196,0.9592053294181824,0.9535426497459412,0.955767035484314,0.9523067474365234,0.9458494186401367
alternating_hydra_tabpfn_12l_lr1e4,epoch_140,140.0,tabpfn/models_diff/callback_alternating_hydra_tabpfn_12_layers_512e_lr0p0001_epoch_140.cpkt,188,0.9109113931655883,0.9106742143630981,0.9176875352859497,0.9150428175926208,0.9156827330589294,0.8954696655273438
alternating_hydra_tabpfn_12l_lr1e4,epoch_140,140.0,tabpfn/models_diff/callback_alternating_hydra_tabpfn_12_layers_512e_lr0p0001_epoch_140.cpkt,458,0.9999848484992981,1.0,0.999993085861206,0.9999697804450989,1.0,0.9999613761901855
alternating_hydra_tabpfn_12l_lr1e4,epoch_140,140.0,tabpfn/models_diff/callback_alternating_hydra_tabpfn_12_layers_512e_lr0p0001_epoch_140.cpkt,469,0.5738894224166871,0.5765718817710876,0.5795557498931885,0.5603597164154053,0.5658868551254272,0.5870729088783264
alternating_hydra_tabpfn_12l_lr1e4,epoch_140,140.0,tabpfn/models_diff/callback_alternating_hydra_tabpfn_12_layers_512e_lr0p0001_epoch_140.cpkt,1049,0.930411446094513,0.9089688062667847,0.9415739178657532,0.9287558794021606,0.9298010468482971,0.9429575800895691
alternating_hydra_tabpfn_12l_lr1e4,epoch_140,140.0,tabpfn/models_diff/callback_alternating_hydra_tabpfn_12_layers_512e_lr0p0001_epoch_140.cpkt,1050,0.8255091905593872,0.8476716876029968,0.8413341045379639,0.7983497381210327,0.7952131032943726,0.8449773192405701
alternating_hydra_tabpfn_12l_lr1e4,epoch_140,140.0,tabpfn/models_diff/callback_alternating_hydra_tabpfn_12_layers_512e_lr0p0001_epoch_140.cpkt,1063,0.7981014728546143,0.820853054523468,0.7882464528083801,0.7876676917076111,0.7948606014251709,0.7988795638084412
alternating_hydra_tabpfn_12l_lr1e4,epoch_140,140.0,tabpfn/models_diff/callback_alternating_hydra_tabpfn_12_layers_512e_lr0p0001_epoch_140.cpkt,1068,0.871846055984497,0.9001776576042175,0.9189720153808594,0.8034412860870361,0.858196496963501,0.8784428238868713
alternating_hydra_tabpfn_12l_lr1e4,epoch_140,140.0,tabpfn/models_diff/callback_alternating_hydra_tabpfn_12_layers_512e_lr0p0001_epoch_140.cpkt,1462,1.0,1.0,1.0,1.0,1.0,1.0
alternating_hydra_tabpfn_12l_lr1e4,epoch_140,140.0,tabpfn/models_diff/callback_alternating_hydra_tabpfn_12_layers_512e_lr0p0001_epoch_140.cpkt,1464,0.7268797874450683,0.7151364088058472,0.6848591566085815,0.7277745008468628,0.7415972948074341,0.7650315761566162
alternating_hydra_tabpfn_12l_lr1e4,epoch_140,140.0,tabpfn/models_diff/callback_alternating_hydra_tabpfn_12_layers_512e_lr0p0001_epoch_140.cpkt,1480,0.724171257019043,0.7228915691375732,0.7402687668800354,0.7441293001174927,0.7391376495361328,0.6744289994239807
alternating_hydra_tabpfn_12l_lr1e4,epoch_140,140.0,tabpfn/models_diff/callback_alternating_hydra_tabpfn_12_layers_512e_lr0p0001_epoch_140.cpkt,1494,0.9314687252044678,0.9271537065505981,0.9461975693702698,0.9173054695129395,0.9321510791778564,0.934535801410675
alternating_hydra_tabpfn_12l_lr1e4,epoch_140,140.0,tabpfn/models_diff/callback_alternating_hydra_tabpfn_12_layers_512e_lr0p0001_epoch_140.cpkt,1510,0.9959672212600708,0.9986460208892822,0.9957818984985352,0.9902706742286682,0.997673511505127,0.9974640011787415
alternating_hydra_tabpfn_12l_lr1e4,epoch_140,140.0,tabpfn/models_diff/callback_alternating_hydra_tabpfn_12_layers_512e_lr0p0001_epoch_140.cpkt,6332,0.7875539660453796,0.8031598329544067,0.7588739395141602,0.8080715537071228,0.7958554029464722,0.7718091011047363
alternating_hydra_tabpfn_12l_lr1e4,epoch_140,140.0,tabpfn/models_diff/callback_alternating_hydra_tabpfn_12_layers_512e_lr0p0001_epoch_140.cpkt,23381,0.5104250073432922,0.5824915766716003,0.43707484006881714,0.5952380895614624,0.4070175290107727,0.5303030014038086
alternating_hydra_tabpfn_12l_lr1e4,epoch_140,140.0,tabpfn/models_diff/callback_alternating_hydra_tabpfn_12_layers_512e_lr0p0001_epoch_140.cpkt,40966,1.0,1.0,1.0,1.0,1.0,1.0
alternating_hydra_tabpfn_12l_lr1e4,epoch_140,140.0,tabpfn/models_diff/callback_alternating_hydra_tabpfn_12_layers_512e_lr0p0001_epoch_140.cpkt,40975,0.9844778776168823,0.9854711294174194,0.9947194457054138,0.9778770208358765,0.9708091020584106,0.9935126900672913
alternating_hydra_tabpfn_12l_lr1e4,epoch_140,140.0,tabpfn/models_diff/callback_alternating_hydra_tabpfn_12_layers_512e_lr0p0001_epoch_140.cpkt,40982,0.9521675705909729,0.9635496139526367,0.9553604125976562,0.9395667314529419,0.960677981376648,0.9416831135749817
alternating_hydra_tabpfn_12l_lr1e4,epoch_140,140.0,tabpfn/models_diff/callback_alternating_hydra_tabpfn_12_layers_512e_lr0p0001_epoch_140.cpkt,40994,0.9456414103507995,0.9411826133728027,0.9446480870246887,0.940040647983551,0.948340117931366,0.9539955854415894
alternating_hydra_tabpfn_12l_lr1e4,epoch_160,160.0,tabpfn/models_diff/callback_alternating_hydra_tabpfn_12_layers_512e_lr0p0001_epoch_160.cpkt,11,0.9954816699028015,0.999326765537262,0.993546187877655,0.9968501925468445,0.9916611313819885,0.9960240721702576
alternating_hydra_tabpfn_12l_lr1e4,epoch_160,160.0,tabpfn/models_diff/callback_alternating_hydra_tabpfn_12_layers_512e_lr0p0001_epoch_160.cpkt,14,0.9746352910995484,0.9772157073020935,0.9745343923568726,0.9690650105476379,0.9768574833869934,0.9755038619041443
alternating_hydra_tabpfn_12l_lr1e4,epoch_160,160.0,tabpfn/models_diff/callback_alternating_hydra_tabpfn_12_layers_512e_lr0p0001_epoch_160.cpkt,15,0.9927449226379395,0.9929000735282898,0.9919054508209229,0.9915292859077454,0.9928735494613647,0.9945162534713745
alternating_hydra_tabpfn_12l_lr1e4,epoch_160,160.0,tabpfn/models_diff/callback_alternating_hydra_tabpfn_12_layers_512e_lr0p0001_epoch_160.cpkt,16,0.9972176551818848,0.9961063861846924,0.9976471066474915,0.9961716532707214,0.9990376830101013,0.9971254467964172
alternating_hydra_tabpfn_12l_lr1e4,epoch_160,160.0,tabpfn/models_diff/callback_alternating_hydra_tabpfn_12_layers_512e_lr0p0001_epoch_160.cpkt,18,0.9637809276580811,0.9666056632995605,0.9607726335525513,0.9644652009010315,0.961102306842804,0.965958833694458
alternating_hydra_tabpfn_12l_lr1e4,epoch_160,160.0,tabpfn/models_diff/callback_alternating_hydra_tabpfn_12_layers_512e_lr0p0001_epoch_160.cpkt,22,0.9820221185684204,0.9800061583518982,0.984188437461853,0.9800502061843872,0.9827975630760193,0.9830682277679443
alternating_hydra_tabpfn_12l_lr1e4,epoch_160,160.0,tabpfn/models_diff/callback_alternating_hydra_tabpfn_12_layers_512e_lr0p0001_epoch_160.cpkt,23,0.7060322880744934,0.6942909359931946,0.7008689045906067,0.7004494667053223,0.7121703028678894,0.7223818302154541
alternating_hydra_tabpfn_12l_lr1e4,epoch_160,160.0,tabpfn/models_diff/callback_alternating_hydra_tabpfn_12_layers_512e_lr0p0001_epoch_160.cpkt,29,0.9304850816726684,0.942375898361206,0.9299396872520447,0.9165816903114319,0.9283154010772705,0.9352127313613892
alternating_hydra_tabpfn_12l_lr1e4,epoch_160,160.0,tabpfn/models_diff/callback_alternating_hydra_tabpfn_12_layers_512e_lr0p0001_epoch_160.cpkt,31,0.7831236958503723,0.7837556004524231,0.7879683375358582,0.7777377367019653,0.7794840335845947,0.7866727709770203
alternating_hydra_tabpfn_12l_lr1e4,epoch_160,160.0,tabpfn/models_diff/callback_alternating_hydra_tabpfn_12_layers_512e_lr0p0001_epoch_160.cpkt,37,0.8240118503570557,0.800437331199646,0.8313847780227661,0.8294552564620972,0.8303186893463135,0.8284631967544556
alternating_hydra_tabpfn_12l_lr1e4,epoch_160,160.0,tabpfn/models_diff/callback_alternating_hydra_tabpfn_12_layers_512e_lr0p0001_epoch_160.cpkt,50,0.9673317670822144,0.9658082723617554,0.9719806909561157,0.9615296125411987,0.9628337621688843,0.9745064973831177
alternating_hydra_tabpfn_12l_lr1e4,epoch_160,160.0,tabpfn/models_diff/callback_alternating_hydra_tabpfn_12_layers_512e_lr0p0001_epoch_160.cpkt,54,0.9548330307006836,0.9605719447135925,0.9562650918960571,0.9575344324111938,0.9533255696296692,0.9464681148529053
alternating_hydra_tabpfn_12l_lr1e4,epoch_160,160.0,tabpfn/models_diff/callback_alternating_hydra_tabpfn_12_layers_512e_lr0p0001_epoch_160.cpkt,188,0.9117036461830139,0.9089898467063904,0.9193498492240906,0.9161978363990784,0.9162561297416687,0.8977245688438416
alternating_hydra_tabpfn_12l_lr1e4,epoch_160,160.0,tabpfn/models_diff/callback_alternating_hydra_tabpfn_12_layers_512e_lr0p0001_epoch_160.cpkt,458,0.9999813556671142,1.0,1.0,0.9999583959579468,1.0,0.9999483823776245
alternating_hydra_tabpfn_12l_lr1e4,epoch_160,160.0,tabpfn/models_diff/callback_alternating_hydra_tabpfn_12_layers_512e_lr0p0001_epoch_160.cpkt,469,0.5759881138801575,0.5768115520477295,0.5814950466156006,0.5664398074150085,0.5679847002029419,0.5872094631195068
alternating_hydra_tabpfn_12l_lr1e4,epoch_160,160.0,tabpfn/models_diff/callback_alternating_hydra_tabpfn_12_layers_512e_lr0p0001_epoch_160.cpkt,1049,0.9298492312431336,0.9088627099990845,0.9418057799339294,0.9297432899475098,0.9275014996528625,0.9413328766822815
alternating_hydra_tabpfn_12l_lr1e4,epoch_160,160.0,tabpfn/models_diff/callback_alternating_hydra_tabpfn_12_layers_512e_lr0p0001_epoch_160.cpkt,1050,0.8253926634788513,0.8507616519927979,0.8397532105445862,0.8013270497322083,0.7945078611373901,0.8406135439872742
alternating_hydra_tabpfn_12l_lr1e4,epoch_160,160.0,tabpfn/models_diff/callback_alternating_hydra_tabpfn_12_layers_512e_lr0p0001_epoch_160.cpkt,1063,0.806941831111908,0.8386729955673218,0.7944076061248779,0.7900756597518921,0.8146341443061829,0.7969187498092651
alternating_hydra_tabpfn_12l_lr1e4,epoch_160,160.0,tabpfn/models_diff/callback_alternating_hydra_tabpfn_12_layers_512e_lr0p0001_epoch_160.cpkt,1068,0.8696921586990356,0.905063271522522,0.9143613576889038,0.8013586401939392,0.8522008061408997,0.8754767179489136
alternating_hydra_tabpfn_12l_lr1e4,epoch_160,160.0,tabpfn/models_diff/callback_alternating_hydra_tabpfn_12_layers_512e_lr0p0001_epoch_160.cpkt,1462,1.0,1.0,1.0,1.0,1.0,1.0
alternating_hydra_tabpfn_12l_lr1e4,epoch_160,160.0,tabpfn/models_diff/callback_alternating_hydra_tabpfn_12_layers_512e_lr0p0001_epoch_160.cpkt,1464,0.7289373874664307,0.7189326286315918,0.6825900077819824,0.7400354743003845,0.7437557578086853,0.7593730688095093
alternating_hydra_tabpfn_12l_lr1e4,epoch_160,160.0,tabpfn/models_diff/callback_alternating_hydra_tabpfn_12_layers_512e_lr0p0001_epoch_160.cpkt,1480,0.724470067024231,0.7217330932617188,0.735750675201416,0.7465116381645203,0.7456052899360657,0.6727496385574341
alternating_hydra_tabpfn_12l_lr1e4,epoch_160,160.0,tabpfn/models_diff/callback_alternating_hydra_tabpfn_12_layers_512e_lr0p0001_epoch_160.cpkt,1494,0.9312587261199952,0.9267358183860779,0.945078432559967,0.9173569083213806,0.9339969158172607,0.9331255555152893
alternating_hydra_tabpfn_12l_lr1e4,epoch_160,160.0,tabpfn/models_diff/callback_alternating_hydra_tabpfn_12_layers_512e_lr0p0001_epoch_160.cpkt,1510,0.9961840033531189,0.9988022446632385,0.9959902167320251,0.9901671409606934,0.9978899359703064,0.998070478439331
alternating_hydra_tabpfn_12l_lr1e4,epoch_160,160.0,tabpfn/models_diff/callback_alternating_hydra_tabpfn_12_layers_512e_lr0p0001_epoch_160.cpkt,6332,0.789482307434082,0.8034188151359558,0.7640146613121033,0.81242835521698,0.7964065074920654,0.7711431980133057
alternating_hydra_tabpfn_12l_lr1e4,epoch_160,160.0,tabpfn/models_diff/callback_alternating_hydra_tabpfn_12_layers_512e_lr0p0001_epoch_160.cpkt,23381,0.4944325923919678,0.5774410963058472,0.42517006397247314,0.5663265585899353,0.39649122953414917,0.5067340135574341
alternating_hydra_tabpfn_12l_lr1e4,epoch_160,160.0,tabpfn/models_diff/callback_alternating_hydra_tabpfn_12_layers_512e_lr0p0001_epoch_160.cpkt,40966,1.0,1.0,1.0,1.0,1.0,1.0
alternating_hydra_tabpfn_12l_lr1e4,epoch_160,160.0,tabpfn/models_diff/callback_alternating_hydra_tabpfn_12_layers_512e_lr0p0001_epoch_160.cpkt,40975,0.9841182351112365,0.9852740168571472,0.9936562776565552,0.9796786904335022,0.968432605266571,0.9935495853424072
alternating_hydra_tabpfn_12l_lr1e4,epoch_160,160.0,tabpfn/models_diff/callback_alternating_hydra_tabpfn_12_layers_512e_lr0p0001_epoch_160.cpkt,40982,0.952962338924408,0.96403968334198,0.9567021727561951,0.9424265623092651,0.9609993696212769,0.9406439065933228
alternating_hydra_tabpfn_12l_lr1e4,epoch_160,160.0,tabpfn/models_diff/callback_alternating_hydra_tabpfn_12_layers_512e_lr0p0001_epoch_160.cpkt,40994,0.9511072993278503,0.9524009227752686,0.9499633312225342,0.9474931955337524,0.9500339031219482,0.9556451439857483
alternating_hydra_tabpfn_12l_lr1e4,epoch_180,180.0,tabpfn/models_diff/callback_alternating_hydra_tabpfn_12_layers_512e_lr0p0001_epoch_180.cpkt,11,0.9952882289886474,0.9993786811828613,0.9930173754692078,0.997137725353241,0.9913914799690247,0.9955158829689026
alternating_hydra_tabpfn_12l_lr1e4,epoch_180,180.0,tabpfn/models_diff/callback_alternating_hydra_tabpfn_12_layers_512e_lr0p0001_epoch_180.cpkt,14,0.9744033575057983,0.9769172072410583,0.9746891260147095,0.9685238003730774,0.9767858982086182,0.9751007556915283
alternating_hydra_tabpfn_12l_lr1e4,epoch_180,180.0,tabpfn/models_diff/callback_alternating_hydra_tabpfn_12_layers_512e_lr0p0001_epoch_180.cpkt,15,0.9924476861953735,0.9926370978355408,0.9916014075279236,0.9910332560539246,0.9925287365913391,0.9944379329681396
alternating_hydra_tabpfn_12l_lr1e4,epoch_180,180.0,tabpfn/models_diff/callback_alternating_hydra_tabpfn_12_layers_512e_lr0p0001_epoch_180.cpkt,16,0.9972713470458985,0.9962781667709351,0.9976012706756592,0.996374785900116,0.9989724159240723,0.9971300959587097
alternating_hydra_tabpfn_12l_lr1e4,epoch_180,180.0,tabpfn/models_diff/callback_alternating_hydra_tabpfn_12_layers_512e_lr0p0001_epoch_180.cpkt,18,0.9637696266174316,0.9658399224281311,0.960641086101532,0.9641674757003784,0.961811363697052,0.9663882851600647
alternating_hydra_tabpfn_12l_lr1e4,epoch_180,180.0,tabpfn/models_diff/callback_alternating_hydra_tabpfn_12_layers_512e_lr0p0001_epoch_180.cpkt,22,0.9821423649787903,0.9800562858581543,0.9841421246528625,0.980496346950531,0.9829503297805786,0.983066737651825
alternating_hydra_tabpfn_12l_lr1e4,epoch_180,180.0,tabpfn/models_diff/callback_alternating_hydra_tabpfn_12_layers_512e_lr0p0001_epoch_180.cpkt,23,0.7067553400993347,0.694125771522522,0.7019680142402649,0.7023434638977051,0.7126193046569824,0.7227201461791992
alternating_hydra_tabpfn_12l_lr1e4,epoch_180,180.0,tabpfn/models_diff/callback_alternating_hydra_tabpfn_12_layers_512e_lr0p0001_epoch_180.cpkt,29,0.9304685950279236,0.9420675039291382,0.9296756982803345,0.9162794351577759,0.9289945363998413,0.9353258013725281
alternating_hydra_tabpfn_12l_lr1e4,epoch_180,180.0,tabpfn/models_diff/callback_alternating_hydra_tabpfn_12_layers_512e_lr0p0001_epoch_180.cpkt,31,0.7826356530189514,0.7826147079467773,0.788083553314209,0.7774151563644409,0.7780060172080994,0.7870588302612305
alternating_hydra_tabpfn_12l_lr1e4,epoch_180,180.0,tabpfn/models_diff/callback_alternating_hydra_tabpfn_12_layers_512e_lr0p0001_epoch_180.cpkt,37,0.8210244536399841,0.7985501885414124,0.8268035054206848,0.826839804649353,0.8293958306312561,0.8235329389572144
alternating_hydra_tabpfn_12l_lr1e4,epoch_180,180.0,tabpfn/models_diff/callback_alternating_hydra_tabpfn_12_layers_512e_lr0p0001_epoch_180.cpkt,50,0.9710953831672668,0.9706578850746155,0.9751021862030029,0.9649555683135986,0.966884195804596,0.9778770804405212
alternating_hydra_tabpfn_12l_lr1e4,epoch_180,180.0,tabpfn/models_diff/callback_alternating_hydra_tabpfn_12_layers_512e_lr0p0001_epoch_180.cpkt,54,0.9551366925239563,0.9602423310279846,0.9562369585037231,0.9578683972358704,0.9538580179214478,0.9474777579307556
alternating_hydra_tabpfn_12l_lr1e4,epoch_180,180.0,tabpfn/models_diff/callback_alternating_hydra_tabpfn_12_layers_512e_lr0p0001_epoch_180.cpkt,188,0.9121730089187622,0.9102473855018616,0.9186071157455444,0.9171664714813232,0.916247546672821,0.8985965251922607
alternating_hydra_tabpfn_12l_lr1e4,epoch_180,180.0,tabpfn/models_diff/callback_alternating_hydra_tabpfn_12_layers_512e_lr0p0001_epoch_180.cpkt,458,0.9999857544898987,1.0,1.0,0.9999735355377197,1.0,0.9999552369117737
alternating_hydra_tabpfn_12l_lr1e4,epoch_180,180.0,tabpfn/models_diff/callback_alternating_hydra_tabpfn_12_layers_512e_lr0p0001_epoch_180.cpkt,469,0.5768451929092407,0.575874388217926,0.5863242745399475,0.5675253868103027,0.5685166716575623,0.5859852433204651
alternating_hydra_tabpfn_12l_lr1e4,epoch_180,180.0,tabpfn/models_diff/callback_alternating_hydra_tabpfn_12_layers_512e_lr0p0001_epoch_180.cpkt,1049,0.930387556552887,0.9103475213050842,0.9430975317955017,0.9283761382102966,0.9276611804962158,0.9424554109573364
alternating_hydra_tabpfn_12l_lr1e4,epoch_180,180.0,tabpfn/models_diff/callback_alternating_hydra_tabpfn_12_layers_512e_lr0p0001_epoch_180.cpkt,1050,0.8272235274314881,0.8546647429466248,0.8396375775337219,0.8040491938591003,0.7946401238441467,0.8431259989738464
alternating_hydra_tabpfn_12l_lr1e4,epoch_180,180.0,tabpfn/models_diff/callback_alternating_hydra_tabpfn_12_layers_512e_lr0p0001_epoch_180.cpkt,1063,0.8104785084724426,0.8381990790367126,0.7996208667755127,0.7922256588935852,0.8281359076499939,0.7942110300064087
alternating_hydra_tabpfn_12l_lr1e4,epoch_180,180.0,tabpfn/models_diff/callback_alternating_hydra_tabpfn_12_layers_512e_lr0p0001_epoch_180.cpkt,1068,0.8752606868743896,0.9102265238761902,0.9159836173057556,0.8074081540107727,0.8628122806549072,0.8798728585243225
alternating_hydra_tabpfn_12l_lr1e4,epoch_180,180.0,tabpfn/models_diff/callback_alternating_hydra_tabpfn_12_layers_512e_lr0p0001_epoch_180.cpkt,1462,1.0,1.0,1.0,1.0,1.0,1.0
alternating_hydra_tabpfn_12l_lr1e4,epoch_180,180.0,tabpfn/models_diff/callback_alternating_hydra_tabpfn_12_layers_512e_lr0p0001_epoch_180.cpkt,1464,0.7332552194595336,0.7252596020698547,0.6933881044387817,0.7396806478500366,0.7471091747283936,0.7608385682106018
alternating_hydra_tabpfn_12l_lr1e4,epoch_180,180.0,tabpfn/models_diff/callback_alternating_hydra_tabpfn_12_layers_512e_lr0p0001_epoch_180.cpkt,1480,0.7246403694152832,0.7226598858833313,0.7352873086929321,0.7479296922683716,0.7429519295692444,0.6743730306625366
alternating_hydra_tabpfn_12l_lr1e4,epoch_180,180.0,tabpfn/models_diff/callback_alternating_hydra_tabpfn_12_layers_512e_lr0p0001_epoch_180.cpkt,1494,0.9315461397171021,0.9270144104957581,0.9457566738128662,0.91756272315979,0.9344454407691956,0.9329514503479004
alternating_hydra_tabpfn_12l_lr1e4,epoch_180,180.0,tabpfn/models_diff/callback_alternating_hydra_tabpfn_12_layers_512e_lr0p0001_epoch_180.cpkt,1510,0.9961169242858887,0.9988022446632385,0.9958339929580688,0.9904259443283081,0.997727632522583,0.9977948069572449
alternating_hydra_tabpfn_12l_lr1e4,epoch_180,180.0,tabpfn/models_diff/callback_alternating_hydra_tabpfn_12_layers_512e_lr0p0001_epoch_180.cpkt,6332,0.7899092674255371,0.8029007911682129,0.7649939060211182,0.8133455514907837,0.7993826866149902,0.7689234018325806
alternating_hydra_tabpfn_12l_lr1e4,epoch_180,180.0,tabpfn/models_diff/callback_alternating_hydra_tabpfn_12_layers_512e_lr0p0001_epoch_180.cpkt,23381,0.5019705832004547,0.5824915766716003,0.4353741407394409,0.5646258592605591,0.410526305437088,0.5168350338935852
alternating_hydra_tabpfn_12l_lr1e4,epoch_180,180.0,tabpfn/models_diff/callback_alternating_hydra_tabpfn_12_layers_512e_lr0p0001_epoch_180.cpkt,40966,1.0,1.0,1.0,1.0,1.0,1.0
alternating_hydra_tabpfn_12l_lr1e4,epoch_180,180.0,tabpfn/models_diff/callback_alternating_hydra_tabpfn_12_layers_512e_lr0p0001_epoch_180.cpkt,40975,0.9836289525032044,0.9844083189964294,0.9949252605438232,0.9773120284080505,0.9676218628883362,0.9938772916793823
alternating_hydra_tabpfn_12l_lr1e4,epoch_180,180.0,tabpfn/models_diff/callback_alternating_hydra_tabpfn_12_layers_512e_lr0p0001_epoch_180.cpkt,40982,0.9523127794265747,0.9641184210777283,0.9567084312438965,0.9398155808448792,0.9602259993553162,0.9406954646110535
alternating_hydra_tabpfn_12l_lr1e4,epoch_180,180.0,tabpfn/models_diff/callback_alternating_hydra_tabpfn_12_layers_512e_lr0p0001_epoch_180.cpkt,40994,0.9509131431579589,0.9505137205123901,0.9495967626571655,0.9474931955337524,0.9500339031219482,0.9569281339645386
alternating_hydra_tabpfn_12l_lr1e4,epoch_200,200.0,tabpfn/models_diff/callback_alternating_hydra_tabpfn_12_layers_512e_lr0p0001_epoch_200.cpkt,11,0.9954521059989929,0.9994823932647705,0.9934627413749695,0.9972051382064819,0.9916689991950989,0.9954412579536438
alternating_hydra_tabpfn_12l_lr1e4,epoch_200,200.0,tabpfn/models_diff/callback_alternating_hydra_tabpfn_12_layers_512e_lr0p0001_epoch_200.cpkt,14,0.9744034290313721,0.9769785404205322,0.9745193123817444,0.9687001705169678,0.9766929745674133,0.9751261472702026
alternating_hydra_tabpfn_12l_lr1e4,epoch_200,200.0,tabpfn/models_diff/callback_alternating_hydra_tabpfn_12_layers_512e_lr0p0001_epoch_200.cpkt,15,0.992485511302948,0.992674708366394,0.9917914271354675,0.9908806681632996,0.9926819801330566,0.9943987727165222
alternating_hydra_tabpfn_12l_lr1e4,epoch_200,200.0,tabpfn/models_diff/callback_alternating_hydra_tabpfn_12_layers_512e_lr0p0001_epoch_200.cpkt,16,0.997160804271698,0.996134877204895,0.9975159168243408,0.9961875081062317,0.9988769292831421,0.9970887899398804
alternating_hydra_tabpfn_12l_lr1e4,epoch_200,200.0,tabpfn/models_diff/callback_alternating_hydra_tabpfn_12_layers_512e_lr0p0001_epoch_200.cpkt,18,0.9637497663497925,0.9661751985549927,0.9605392217636108,0.9639503359794617,0.9617128372192383,0.9663712382316589
alternating_hydra_tabpfn_12l_lr1e4,epoch_200,200.0,tabpfn/models_diff/callback_alternating_hydra_tabpfn_12_layers_512e_lr0p0001_epoch_200.cpkt,22,0.9821115136146545,0.9800443053245544,0.9841176271438599,0.9803129434585571,0.9828217029571533,0.983260989189148
alternating_hydra_tabpfn_12l_lr1e4,epoch_200,200.0,tabpfn/models_diff/callback_alternating_hydra_tabpfn_12_layers_512e_lr0p0001_epoch_200.cpkt,23,0.7060095310211182,0.6930674314498901,0.7014032602310181,0.7016968727111816,0.7115927338600159,0.7222873568534851
alternating_hydra_tabpfn_12l_lr1e4,epoch_200,200.0,tabpfn/models_diff/callback_alternating_hydra_tabpfn_12_layers_512e_lr0p0001_epoch_200.cpkt,29,0.9306734800338745,0.9423373341560364,0.9301658868789673,0.9164305329322815,0.9292209148406982,0.9352127313613892
alternating_hydra_tabpfn_12l_lr1e4,epoch_200,200.0,tabpfn/models_diff/callback_alternating_hydra_tabpfn_12_layers_512e_lr0p0001_epoch_200.cpkt,31,0.7831232190132141,0.7836375832557678,0.7879107594490051,0.7780223488807678,0.7790233492851257,0.787022054195404
alternating_hydra_tabpfn_12l_lr1e4,epoch_200,200.0,tabpfn/models_diff/callback_alternating_hydra_tabpfn_12_layers_512e_lr0p0001_epoch_200.cpkt,37,0.8219738960266113,0.7990593910217285,0.8275472521781921,0.8281926512718201,0.8297034502029419,0.825366735458374
alternating_hydra_tabpfn_12l_lr1e4,epoch_200,200.0,tabpfn/models_diff/callback_alternating_hydra_tabpfn_12_layers_512e_lr0p0001_epoch_200.cpkt,50,0.970823872089386,0.9700939655303955,0.9750092625617981,0.964725911617279,0.9660965800285339,0.9781936407089233
alternating_hydra_tabpfn_12l_lr1e4,epoch_200,200.0,tabpfn/models_diff/callback_alternating_hydra_tabpfn_12_layers_512e_lr0p0001_epoch_200.cpkt,54,0.9551762342453003,0.9600642919540405,0.9560011029243469,0.9578590393066406,0.9543619155883789,0.9475948214530945
alternating_hydra_tabpfn_12l_lr1e4,epoch_200,200.0,tabpfn/models_diff/callback_alternating_hydra_tabpfn_12_layers_512e_lr0p0001_epoch_200.cpkt,188,0.9122864961624145,0.9102939963340759,0.9189357757568359,0.9170355796813965,0.9159653186798096,0.8992018103599548
alternating_hydra_tabpfn_12l_lr1e4,epoch_200,200.0,tabpfn/models_diff/callback_alternating_hydra_tabpfn_12_layers_512e_lr0p0001_epoch_200.cpkt,458,0.9999877333641052,1.0,1.0,0.9999772906303406,1.0,0.9999613761901855
alternating_hydra_tabpfn_12l_lr1e4,epoch_200,200.0,tabpfn/models_diff/callback_alternating_hydra_tabpfn_12_layers_512e_lr0p0001_epoch_200.cpkt,469,0.5732705354690552,0.5734820365905762,0.5837136507034302,0.5608628392219543,0.5667826533317566,0.5815114974975586
alternating_hydra_tabpfn_12l_lr1e4,epoch_200,200.0,tabpfn/models_diff/callback_alternating_hydra_tabpfn_12_layers_512e_lr0p0001_epoch_200.cpkt,1049,0.9304837703704834,0.9103121757507324,0.9429981708526611,0.9285280108451843,0.9283319115638733,0.9422485828399658
alternating_hydra_tabpfn_12l_lr1e4,epoch_200,200.0,tabpfn/models_diff/callback_alternating_hydra_tabpfn_12_layers_512e_lr0p0001_epoch_200.cpkt,1050,0.826725161075592,0.8532010912895203,0.8397917747497559,0.8038365244865417,0.7946841716766357,0.8421122431755066
alternating_hydra_tabpfn_12l_lr1e4,epoch_200,200.0,tabpfn/models_diff/callback_alternating_hydra_tabpfn_12_layers_512e_lr0p0001_epoch_200.cpkt,1063,0.8081819653511048,0.8348815441131592,0.7983886003494263,0.7918816804885864,0.8210801482200623,0.7946778535842896
alternating_hydra_tabpfn_12l_lr1e4,epoch_200,200.0,tabpfn/models_diff/callback_alternating_hydra_tabpfn_12_layers_512e_lr0p0001_epoch_200.cpkt,1068,0.8739874362945557,0.9077281951904297,0.9149590134620667,0.8069618940353394,0.8615275025367737,0.878760576248169
alternating_hydra_tabpfn_12l_lr1e4,epoch_200,200.0,tabpfn/models_diff/callback_alternating_hydra_tabpfn_12_layers_512e_lr0p0001_epoch_200.cpkt,1462,1.0,1.0,1.0,1.0,1.0,1.0
alternating_hydra_tabpfn_12l_lr1e4,epoch_200,200.0,tabpfn/models_diff/callback_alternating_hydra_tabpfn_12_layers_512e_lr0p0001_epoch_200.cpkt,1464,0.7277954697608948,0.7203096747398376,0.683372437953949,0.7328996658325195,0.7408649325370789,0.7615306377410889
alternating_hydra_tabpfn_12l_lr1e4,epoch_200,200.0,tabpfn/models_diff/callback_alternating_hydra_tabpfn_12_layers_512e_lr0p0001_epoch_200.cpkt,1480,0.7238440155982971,0.7215014100074768,0.7351714372634888,0.7458876967430115,0.7424544095993042,0.6742051243782043
alternating_hydra_tabpfn_12l_lr1e4,epoch_200,200.0,tabpfn/models_diff/callback_alternating_hydra_tabpfn_12_layers_512e_lr0p0001_epoch_200.cpkt,1494,0.931802260875702,0.9270492196083069,0.9457736611366272,0.9178714156150818,0.9347387552261353,0.9335782527923584
alternating_hydra_tabpfn_12l_lr1e4,epoch_200,200.0,tabpfn/models_diff/callback_alternating_hydra_tabpfn_12_layers_512e_lr0p0001_epoch_200.cpkt,1510,0.9961718559265137,0.9988022446632385,0.9958339929580688,0.9904259443283081,0.9977817535400391,0.9980153441429138
alternating_hydra_tabpfn_12l_lr1e4,epoch_200,200.0,tabpfn/models_diff/callback_alternating_hydra_tabpfn_12_layers_512e_lr0p0001_epoch_200.cpkt,6332,0.7907684206962585,0.8052318096160889,0.7659730911254883,0.8156386017799377,0.7958554029464722,0.7711431980133057
alternating_hydra_tabpfn_12l_lr1e4,epoch_200,200.0,tabpfn/models_diff/callback_alternating_hydra_tabpfn_12_layers_512e_lr0p0001_epoch_200.cpkt,23381,0.4981891274452209,0.5774410963058472,0.43707484006881714,0.5595238208770752,0.40175437927246094,0.5151515007019043
alternating_hydra_tabpfn_12l_lr1e4,epoch_200,200.0,tabpfn/models_diff/callback_alternating_hydra_tabpfn_12_layers_512e_lr0p0001_epoch_200.cpkt,40966,1.0,1.0,1.0,1.0,1.0,1.0
alternating_hydra_tabpfn_12l_lr1e4,epoch_200,200.0,tabpfn/models_diff/callback_alternating_hydra_tabpfn_12_layers_512e_lr0p0001_epoch_200.cpkt,40975,0.9839185476303101,0.9848962426185608,0.9946209788322449,0.9777947068214417,0.9679784774780273,0.9943023324012756
alternating_hydra_tabpfn_12l_lr1e4,epoch_200,200.0,tabpfn/models_diff/callback_alternating_hydra_tabpfn_12_layers_512e_lr0p0001_epoch_200.cpkt,40982,0.9523875951766968,0.9642553329467773,0.9563964009284973,0.9395824670791626,0.9604003429412842,0.9413034319877625
alternating_hydra_tabpfn_12l_lr1e4,epoch_200,200.0,tabpfn/models_diff/callback_alternating_hydra_tabpfn_12_layers_512e_lr0p0001_epoch_200.cpkt,40994,0.9499154090881348,0.9498846530914307,0.9490469098091125,0.9456300735473633,0.9491869807243347,0.9558284282684326
alternating_hydra_tabpfn_12l_lr1e4,latest,,tabpfn/models_diff/callback_alternating_hydra_tabpfn_12_layers_512e_lr0p0001_latest.cpkt,11,0.9954521059989929,0.9994823932647705,0.9934627413749695,0.9972051382064819,0.9916689991950989,0.9954412579536438
alternating_hydra_tabpfn_12l_lr1e4,latest,,tabpfn/models_diff/callback_alternating_hydra_tabpfn_12_layers_512e_lr0p0001_latest.cpkt,14,0.9744034290313721,0.9769785404205322,0.9745193123817444,0.9687001705169678,0.9766929745674133,0.9751261472702026
alternating_hydra_tabpfn_12l_lr1e4,latest,,tabpfn/models_diff/callback_alternating_hydra_tabpfn_12_layers_512e_lr0p0001_latest.cpkt,15,0.992485511302948,0.992674708366394,0.9917914271354675,0.9908806681632996,0.9926819801330566,0.9943987727165222
alternating_hydra_tabpfn_12l_lr1e4,latest,,tabpfn/models_diff/callback_alternating_hydra_tabpfn_12_layers_512e_lr0p0001_latest.cpkt,16,0.997160804271698,0.996134877204895,0.9975159168243408,0.9961875081062317,0.9988769292831421,0.9970887899398804
alternating_hydra_tabpfn_12l_lr1e4,latest,,tabpfn/models_diff/callback_alternating_hydra_tabpfn_12_layers_512e_lr0p0001_latest.cpkt,18,0.9637497663497925,0.9661751985549927,0.9605392217636108,0.9639503359794617,0.9617128372192383,0.9663712382316589
alternating_hydra_tabpfn_12l_lr1e4,latest,,tabpfn/models_diff/callback_alternating_hydra_tabpfn_12_layers_512e_lr0p0001_latest.cpkt,22,0.9821115136146545,0.9800443053245544,0.9841176271438599,0.9803129434585571,0.9828217029571533,0.983260989189148
alternating_hydra_tabpfn_12l_lr1e4,latest,,tabpfn/models_diff/callback_alternating_hydra_tabpfn_12_layers_512e_lr0p0001_latest.cpkt,23,0.7060095310211182,0.6930674314498901,0.7014032602310181,0.7016968727111816,0.7115927338600159,0.7222873568534851
alternating_hydra_tabpfn_12l_lr1e4,latest,,tabpfn/models_diff/callback_alternating_hydra_tabpfn_12_layers_512e_lr0p0001_latest.cpkt,29,0.9306734800338745,0.9423373341560364,0.9301658868789673,0.9164305329322815,0.9292209148406982,0.9352127313613892
alternating_hydra_tabpfn_12l_lr1e4,latest,,tabpfn/models_diff/callback_alternating_hydra_tabpfn_12_layers_512e_lr0p0001_latest.cpkt,31,0.7831232190132141,0.7836375832557678,0.7879107594490051,0.7780223488807678,0.7790233492851257,0.787022054195404
alternating_hydra_tabpfn_12l_lr1e4,latest,,tabpfn/models_diff/callback_alternating_hydra_tabpfn_12_layers_512e_lr0p0001_latest.cpkt,37,0.8219738960266113,0.7990593910217285,0.8275472521781921,0.8281926512718201,0.8297034502029419,0.825366735458374
alternating_hydra_tabpfn_12l_lr1e4,latest,,tabpfn/models_diff/callback_alternating_hydra_tabpfn_12_layers_512e_lr0p0001_latest.cpkt,50,0.970823872089386,0.9700939655303955,0.9750092625617981,0.964725911617279,0.9660965800285339,0.9781936407089233
alternating_hydra_tabpfn_12l_lr1e4,latest,,tabpfn/models_diff/callback_alternating_hydra_tabpfn_12_layers_512e_lr0p0001_latest.cpkt,54,0.9551762342453003,0.9600642919540405,0.9560011029243469,0.9578590393066406,0.9543619155883789,0.9475948214530945
alternating_hydra_tabpfn_12l_lr1e4,latest,,tabpfn/models_diff/callback_alternating_hydra_tabpfn_12_layers_512e_lr0p0001_latest.cpkt,188,0.9122864961624145,0.9102939963340759,0.9189357757568359,0.9170355796813965,0.9159653186798096,0.8992018103599548
alternating_hydra_tabpfn_12l_lr1e4,latest,,tabpfn/models_diff/callback_alternating_hydra_tabpfn_12_layers_512e_lr0p0001_latest.cpkt,458,0.9999877333641052,1.0,1.0,0.9999772906303406,1.0,0.9999613761901855
alternating_hydra_tabpfn_12l_lr1e4,latest,,tabpfn/models_diff/callback_alternating_hydra_tabpfn_12_layers_512e_lr0p0001_latest.cpkt,469,0.5732705354690552,0.5734820365905762,0.5837136507034302,0.5608628392219543,0.5667826533317566,0.5815114974975586
alternating_hydra_tabpfn_12l_lr1e4,latest,,tabpfn/models_diff/callback_alternating_hydra_tabpfn_12_layers_512e_lr0p0001_latest.cpkt,1049,0.9304837703704834,0.9103121757507324,0.9429981708526611,0.9285280108451843,0.9283319115638733,0.9422485828399658
alternating_hydra_tabpfn_12l_lr1e4,latest,,tabpfn/models_diff/callback_alternating_hydra_tabpfn_12_layers_512e_lr0p0001_latest.cpkt,1050,0.826725161075592,0.8532010912895203,0.8397917747497559,0.8038365244865417,0.7946841716766357,0.8421122431755066
alternating_hydra_tabpfn_12l_lr1e4,latest,,tabpfn/models_diff/callback_alternating_hydra_tabpfn_12_layers_512e_lr0p0001_latest.cpkt,1063,0.8081819653511048,0.8348815441131592,0.7983886003494263,0.7918816804885864,0.8210801482200623,0.7946778535842896
alternating_hydra_tabpfn_12l_lr1e4,latest,,tabpfn/models_diff/callback_alternating_hydra_tabpfn_12_layers_512e_lr0p0001_latest.cpkt,1068,0.8739874362945557,0.9077281951904297,0.9149590134620667,0.8069618940353394,0.8615275025367737,0.878760576248169
alternating_hydra_tabpfn_12l_lr1e4,latest,,tabpfn/models_diff/callback_alternating_hydra_tabpfn_12_layers_512e_lr0p0001_latest.cpkt,1462,1.0,1.0,1.0,1.0,1.0,1.0
alternating_hydra_tabpfn_12l_lr1e4,latest,,tabpfn/models_diff/callback_alternating_hydra_tabpfn_12_layers_512e_lr0p0001_latest.cpkt,1464,0.7277954697608948,0.7203096747398376,0.683372437953949,0.7328996658325195,0.7408649325370789,0.7615306377410889
alternating_hydra_tabpfn_12l_lr1e4,latest,,tabpfn/models_diff/callback_alternating_hydra_tabpfn_12_layers_512e_lr0p0001_latest.cpkt,1480,0.7238440155982971,0.7215014100074768,0.7351714372634888,0.7458876967430115,0.7424544095993042,0.6742051243782043
alternating_hydra_tabpfn_12l_lr1e4,latest,,tabpfn/models_diff/callback_alternating_hydra_tabpfn_12_layers_512e_lr0p0001_latest.cpkt,1494,0.931802260875702,0.9270492196083069,0.9457736611366272,0.9178714156150818,0.9347387552261353,0.9335782527923584
alternating_hydra_tabpfn_12l_lr1e4,latest,,tabpfn/models_diff/callback_alternating_hydra_tabpfn_12_layers_512e_lr0p0001_latest.cpkt,1510,0.9961718559265137,0.9988022446632385,0.9958339929580688,0.9904259443283081,0.9977817535400391,0.9980153441429138
alternating_hydra_tabpfn_12l_lr1e4,latest,,tabpfn/models_diff/callback_alternating_hydra_tabpfn_12_layers_512e_lr0p0001_latest.cpkt,6332,0.7907684206962585,0.8052318096160889,0.7659730911254883,0.8156386017799377,0.7958554029464722,0.7711431980133057
alternating_hydra_tabpfn_12l_lr1e4,latest,,tabpfn/models_diff/callback_alternating_hydra_tabpfn_12_layers_512e_lr0p0001_latest.cpkt,23381,0.4981891274452209,0.5774410963058472,0.43707484006881714,0.5595238208770752,0.40175437927246094,0.5151515007019043
alternating_hydra_tabpfn_12l_lr1e4,latest,,tabpfn/models_diff/callback_alternating_hydra_tabpfn_12_layers_512e_lr0p0001_latest.cpkt,40966,1.0,1.0,1.0,1.0,1.0,1.0
alternating_hydra_tabpfn_12l_lr1e4,latest,,tabpfn/models_diff/callback_alternating_hydra_tabpfn_12_layers_512e_lr0p0001_latest.cpkt,40975,0.9839185476303101,0.9848962426185608,0.9946209788322449,0.9777947068214417,0.9679784774780273,0.9943023324012756
alternating_hydra_tabpfn_12l_lr1e4,latest,,tabpfn/models_diff/callback_alternating_hydra_tabpfn_12_layers_512e_lr0p0001_latest.cpkt,40982,0.9523875951766968,0.9642553329467773,0.9563964009284973,0.9395824670791626,0.9604003429412842,0.9413034319877625
alternating_hydra_tabpfn_12l_lr1e4,latest,,tabpfn/models_diff/callback_alternating_hydra_tabpfn_12_layers_512e_lr0p0001_latest.cpkt,40994,0.9499154090881348,0.9498846530914307,0.9490469098091125,0.9456300735473633,0.9491869807243347,0.9558284282684326
alternating_hydra_tabpfn_12l_lr1e4,final,,tabpfn/models_diff/alternating_hydra_tabpfn_12_layers_512e_lr0p0001_12l.cpkt,11,0.9954521059989929,0.9994823932647705,0.9934627413749695,0.9972051382064819,0.9916689991950989,0.9954412579536438
alternating_hydra_tabpfn_12l_lr1e4,final,,tabpfn/models_diff/alternating_hydra_tabpfn_12_layers_512e_lr0p0001_12l.cpkt,14,0.9744034290313721,0.9769785404205322,0.9745193123817444,0.9687001705169678,0.9766929745674133,0.9751261472702026
alternating_hydra_tabpfn_12l_lr1e4,final,,tabpfn/models_diff/alternating_hydra_tabpfn_12_layers_512e_lr0p0001_12l.cpkt,15,0.992485511302948,0.992674708366394,0.9917914271354675,0.9908806681632996,0.9926819801330566,0.9943987727165222
alternating_hydra_tabpfn_12l_lr1e4,final,,tabpfn/models_diff/alternating_hydra_tabpfn_12_layers_512e_lr0p0001_12l.cpkt,16,0.997160804271698,0.996134877204895,0.9975159168243408,0.9961875081062317,0.9988769292831421,0.9970887899398804
alternating_hydra_tabpfn_12l_lr1e4,final,,tabpfn/models_diff/alternating_hydra_tabpfn_12_layers_512e_lr0p0001_12l.cpkt,18,0.9637497663497925,0.9661751985549927,0.9605392217636108,0.9639503359794617,0.9617128372192383,0.9663712382316589
alternating_hydra_tabpfn_12l_lr1e4,final,,tabpfn/models_diff/alternating_hydra_tabpfn_12_layers_512e_lr0p0001_12l.cpkt,22,0.9821115136146545,0.9800443053245544,0.9841176271438599,0.9803129434585571,0.9828217029571533,0.983260989189148
alternating_hydra_tabpfn_12l_lr1e4,final,,tabpfn/models_diff/alternating_hydra_tabpfn_12_layers_512e_lr0p0001_12l.cpkt,23,0.7060095310211182,0.6930674314498901,0.7014032602310181,0.7016968727111816,0.7115927338600159,0.7222873568534851
alternating_hydra_tabpfn_12l_lr1e4,final,,tabpfn/models_diff/alternating_hydra_tabpfn_12_layers_512e_lr0p0001_12l.cpkt,29,0.9306734800338745,0.9423373341560364,0.9301658868789673,0.9164305329322815,0.9292209148406982,0.9352127313613892
alternating_hydra_tabpfn_12l_lr1e4,final,,tabpfn/models_diff/alternating_hydra_tabpfn_12_layers_512e_lr0p0001_12l.cpkt,31,0.7831232190132141,0.7836375832557678,0.7879107594490051,0.7780223488807678,0.7790233492851257,0.787022054195404
alternating_hydra_tabpfn_12l_lr1e4,final,,tabpfn/models_diff/alternating_hydra_tabpfn_12_layers_512e_lr0p0001_12l.cpkt,37,0.8219738960266113,0.7990593910217285,0.8275472521781921,0.8281926512718201,0.8297034502029419,0.825366735458374
alternating_hydra_tabpfn_12l_lr1e4,final,,tabpfn/models_diff/alternating_hydra_tabpfn_12_layers_512e_lr0p0001_12l.cpkt,50,0.970823872089386,0.9700939655303955,0.9750092625617981,0.964725911617279,0.9660965800285339,0.9781936407089233
alternating_hydra_tabpfn_12l_lr1e4,final,,tabpfn/models_diff/alternating_hydra_tabpfn_12_layers_512e_lr0p0001_12l.cpkt,54,0.9551762342453003,0.9600642919540405,0.9560011029243469,0.9578590393066406,0.9543619155883789,0.9475948214530945
alternating_hydra_tabpfn_12l_lr1e4,final,,tabpfn/models_diff/alternating_hydra_tabpfn_12_layers_512e_lr0p0001_12l.cpkt,188,0.9122864961624145,0.9102939963340759,0.9189357757568359,0.9170355796813965,0.9159653186798096,0.8992018103599548
alternating_hydra_tabpfn_12l_lr1e4,final,,tabpfn/models_diff/alternating_hydra_tabpfn_12_layers_512e_lr0p0001_12l.cpkt,458,0.9999877333641052,1.0,1.0,0.9999772906303406,1.0,0.9999613761901855
alternating_hydra_tabpfn_12l_lr1e4,final,,tabpfn/models_diff/alternating_hydra_tabpfn_12_layers_512e_lr0p0001_12l.cpkt,469,0.5732705354690552,0.5734820365905762,0.5837136507034302,0.5608628392219543,0.5667826533317566,0.5815114974975586
alternating_hydra_tabpfn_12l_lr1e4,final,,tabpfn/models_diff/alternating_hydra_tabpfn_12_layers_512e_lr0p0001_12l.cpkt,1049,0.9304837703704834,0.9103121757507324,0.9429981708526611,0.9285280108451843,0.9283319115638733,0.9422485828399658
alternating_hydra_tabpfn_12l_lr1e4,final,,tabpfn/models_diff/alternating_hydra_tabpfn_12_layers_512e_lr0p0001_12l.cpkt,1050,0.826725161075592,0.8532010912895203,0.8397917747497559,0.8038365244865417,0.7946841716766357,0.8421122431755066
alternating_hydra_tabpfn_12l_lr1e4,final,,tabpfn/models_diff/alternating_hydra_tabpfn_12_layers_512e_lr0p0001_12l.cpkt,1063,0.8081819653511048,0.8348815441131592,0.7983886003494263,0.7918816804885864,0.8210801482200623,0.7946778535842896
alternating_hydra_tabpfn_12l_lr1e4,final,,tabpfn/models_diff/alternating_hydra_tabpfn_12_layers_512e_lr0p0001_12l.cpkt,1068,0.8739874362945557,0.9077281951904297,0.9149590134620667,0.8069618940353394,0.8615275025367737,0.878760576248169
alternating_hydra_tabpfn_12l_lr1e4,final,,tabpfn/models_diff/alternating_hydra_tabpfn_12_layers_512e_lr0p0001_12l.cpkt,1462,1.0,1.0,1.0,1.0,1.0,1.0
alternating_hydra_tabpfn_12l_lr1e4,final,,tabpfn/models_diff/alternating_hydra_tabpfn_12_layers_512e_lr0p0001_12l.cpkt,1464,0.7277954697608948,0.7203096747398376,0.683372437953949,0.7328996658325195,0.7408649325370789,0.7615306377410889
alternating_hydra_tabpfn_12l_lr1e4,final,,tabpfn/models_diff/alternating_hydra_tabpfn_12_layers_512e_lr0p0001_12l.cpkt,1480,0.7238440155982971,0.7215014100074768,0.7351714372634888,0.7458876967430115,0.7424544095993042,0.6742051243782043
alternating_hydra_tabpfn_12l_lr1e4,final,,tabpfn/models_diff/alternating_hydra_tabpfn_12_layers_512e_lr0p0001_12l.cpkt,1494,0.931802260875702,0.9270492196083069,0.9457736611366272,0.9178714156150818,0.9347387552261353,0.9335782527923584
alternating_hydra_tabpfn_12l_lr1e4,final,,tabpfn/models_diff/alternating_hydra_tabpfn_12_layers_512e_lr0p0001_12l.cpkt,1510,0.9961718559265137,0.9988022446632385,0.9958339929580688,0.9904259443283081,0.9977817535400391,0.9980153441429138
alternating_hydra_tabpfn_12l_lr1e4,final,,tabpfn/models_diff/alternating_hydra_tabpfn_12_layers_512e_lr0p0001_12l.cpkt,6332,0.7907684206962585,0.8052318096160889,0.7659730911254883,0.8156386017799377,0.7958554029464722,0.7711431980133057
alternating_hydra_tabpfn_12l_lr1e4,final,,tabpfn/models_diff/alternating_hydra_tabpfn_12_layers_512e_lr0p0001_12l.cpkt,23381,0.4981891274452209,0.5774410963058472,0.43707484006881714,0.5595238208770752,0.40175437927246094,0.5151515007019043
alternating_hydra_tabpfn_12l_lr1e4,final,,tabpfn/models_diff/alternating_hydra_tabpfn_12_layers_512e_lr0p0001_12l.cpkt,40966,1.0,1.0,1.0,1.0,1.0,1.0
alternating_hydra_tabpfn_12l_lr1e4,final,,tabpfn/models_diff/alternating_hydra_tabpfn_12_layers_512e_lr0p0001_12l.cpkt,40975,0.9839185476303101,0.9848962426185608,0.9946209788322449,0.9777947068214417,0.9679784774780273,0.9943023324012756
alternating_hydra_tabpfn_12l_lr1e4,final,,tabpfn/models_diff/alternating_hydra_tabpfn_12_layers_512e_lr0p0001_12l.cpkt,40982,0.9523875951766968,0.9642553329467773,0.9563964009284973,0.9395824670791626,0.9604003429412842,0.9413034319877625
alternating_hydra_tabpfn_12l_lr1e4,final,,tabpfn/models_diff/alternating_hydra_tabpfn_12_layers_512e_lr0p0001_12l.cpkt,40994,0.9499154090881348,0.9498846530914307,0.9490469098091125,0.9456300735473633,0.9491869807243347,0.9558284282684326
