did,dataset_name,model,num_samples,num_features,configured_eval_position,real_eval_position,inference_mean,inference_median,inference_std,inference_min,inference_max,end_to_end_mean,end_to_end_median,count,mean_metric
11,balance-scale,hybrid_8l,625,4,972,312,0.014785170493026575,0.014708985574543476,0.00035566141756270144,0.014421611092984676,0.01655763853341341,0.04300349084039529,0.03888261504471302,75,0.9942990899085998
11,balance-scale,hydra,625,4,972,312,0.02203835602849722,0.021981417201459408,0.00026875126226605454,0.02170677576214075,0.023148197680711746,0.0519331448401014,0.04659893922507763,75,0.9865081906318665
11,balance-scale,looped_transformer_6physical_core4x2,625,4,972,312,0.017186606240769228,0.017013532109558582,0.0005984662915877427,0.01684965193271637,0.021183143369853497,0.04501123653103908,0.040763369761407375,75,0.9963193655014038
11,balance-scale,tabpfn,625,4,972,312,0.02018472025791804,0.020146068185567856,0.00020843260220897178,0.019950528629124165,0.021354317665100098,0.04978103301177422,0.044930425472557545,75,0.9973952293395996
14,mfeat-fourier,hybrid_8l,2000,76,972,512,0.041732892530659836,0.04181897919625044,0.0008160109182783145,0.0348714143037796,0.04221141338348389,0.35352921015272537,0.34960009437054396,75,0.9725027084350586
14,mfeat-fourier,hydra,2000,76,972,512,0.06420691542327404,0.06436080392450094,0.0012245365478931896,0.0538245914503932,0.06475058291107416,0.38012238589425884,0.3739031217992306,75,0.95686274766922
14,mfeat-fourier,looped_transformer_6physical_core4x2,2000,76,972,512,0.04767145020266374,0.04779210686683655,0.0009306071554610195,0.039883882738649845,0.04832020867615938,0.35999455345173675,0.3554101213812828,75,0.9739287495613098
14,mfeat-fourier,tabpfn,2000,76,972,512,0.05641612326105436,0.05663040466606617,0.0013642742513998531,0.047296229749917984,0.05713226739317179,0.36959630171457925,0.36589721869677305,75,0.9734832048416138
15,breast-w,hybrid_8l,683,9,972,341,0.014381398347516854,0.014273096807301044,0.0006926836991330697,0.013189874589443207,0.01877400651574135,0.056903365068137646,0.05490398220717907,75,0.9931215286254883
15,breast-w,hydra,683,9,972,341,0.020144937013586363,0.0201093265786767,0.000645114835462168,0.018534403294324875,0.02190471813082695,0.06555410056064526,0.0613894322887063,75,0.994261109828949
15,breast-w,looped_transformer_6physical_core4x2,683,9,972,341,0.017234884512921173,0.01729089580476284,0.0004839878602908349,0.01588655449450016,0.018094709143042564,0.05966692350804806,0.05727882217615843,75,0.9943786263465881
15,breast-w,tabpfn,683,9,972,341,0.020338400676846505,0.020420397631824017,0.00046848831859660947,0.018819471821188927,0.020977442152798176,0.06654562499374152,0.06234950199723244,75,0.99424889087677
16,mfeat-karhunen,hybrid_8l,2000,64,972,512,0.04182796884328127,0.04181565996259451,0.00017828653874905767,0.04157910216599703,0.042480687610805035,0.3070859674861034,0.29998501762747765,75,0.9960234880447387
16,mfeat-karhunen,hydra,2000,64,972,512,0.0643386020263036,0.06433509197086096,0.00015407371582939138,0.06411771290004253,0.06470990367233753,0.3326179948573311,0.32528045400977135,75,0.9893666505813599
16,mfeat-karhunen,looped_transformer_6physical_core4x2,2000,64,972,512,0.04774557258933783,0.04773884266614914,0.0001904046573655772,0.04747002571821213,0.048257967457175255,0.3154031009723743,0.3062029732391238,75,0.9968925356864929
16,mfeat-karhunen,tabpfn,2000,64,972,512,0.056622581717868645,0.05660164635628462,0.00020194350615017353,0.05631479620933533,0.05736258905380964,0.3219466541831692,0.3160723280161619,75,0.9964430451393127
18,mfeat-morphological,hybrid_8l,2000,6,972,512,0.03630653886745373,0.03499289881438017,0.0026791507815155306,0.03476694040000439,0.04212647583335638,0.11911327061553796,0.09848291613161564,75,0.9637098550796509
18,mfeat-morphological,hydra,2000,6,972,512,0.05594434581696987,0.053934020921587944,0.0040580393983224005,0.05362984351813793,0.06556878704577684,0.14354464108745257,0.11838862858712673,75,0.9585461616516113
18,mfeat-morphological,looped_transformer_6physical_core4x2,2000,6,972,512,0.04132501122852166,0.03986089304089546,0.00305251999146258,0.0395565265789628,0.04817890375852585,0.12960108403116466,0.10499896481633186,75,0.9631436586380004
18,mfeat-morphological,tabpfn,2000,6,972,512,0.049101805028816066,0.047239866107702255,0.0036484234213981673,0.04694824293255806,0.056900592520833015,0.13587677334745726,0.11315978970378637,75,0.9629407286643982
22,mfeat-zernike,hybrid_8l,2000,47,972,512,0.041673980864385764,0.04169562831521034,0.000818760438062842,0.03481772728264332,0.04241579305380583,0.2819169844686985,0.2550136102363467,75,0.9807558298110962
22,mfeat-zernike,hydra,2000,47,972,512,0.06414659106483062,0.06424698233604431,0.0012291644325332473,0.05370568763464689,0.06470240466296673,0.3054772417123119,0.2770142303779721,75,0.966827130317688
22,mfeat-zernike,looped_transformer_6physical_core4x2,2000,47,972,512,0.04749985052893559,0.04768203292042017,0.0012808389244663505,0.03977612219750881,0.048086498863995075,0.2896036532893777,0.2601620573550463,75,0.9816611886024476
22,mfeat-zernike,tabpfn,2000,47,972,512,0.056483270029226935,0.05657447315752506,0.0011397516173329888,0.04711235407739878,0.05870694387704134,0.29888335169603425,0.27027148846536875,75,0.9825703024864196
23,cmc,hybrid_8l,1473,9,972,512,0.02250182428707679,0.022144740447402,0.001086569245447174,0.022071482613682747,0.02698242850601673,0.07000678986310958,0.06507519911974669,75,0.7056983947753906
23,cmc,hydra,1473,9,972,512,0.03381079246600469,0.03324178885668516,0.0017414918330482087,0.033172547817230225,0.040493820793926716,0.08381057920555274,0.07721559423953295,75,0.6886843085289002
23,cmc,looped_transformer_6physical_core4x2,1473,9,972,512,0.0265939716125528,0.026212268508970737,0.0012123103167926295,0.02611423283815384,0.03190017677843571,0.07701606324563424,0.06850273441523314,75,0.7090502500534057
23,cmc,tabpfn,1473,9,972,512,0.031547693957885106,0.031068090349435806,0.0014839564958246717,0.030989181250333786,0.03787436615675688,0.08276481017470359,0.07509094849228859,75,0.7114110112190246
29,credit-approval,hybrid_8l,653,15,972,326,0.013926780136922995,0.013963619247078896,0.000555091746556312,0.011759261600673199,0.014915582723915577,0.07770520916829507,0.07193061895668507,75,0.9304480075836181
29,credit-approval,hydra,653,15,972,326,0.019471866215268772,0.01956410240381956,0.0006600494583686941,0.016659176908433437,0.02058221958577633,0.08581060747305552,0.07832598686218262,75,0.9309496521949768
29,credit-approval,looped_transformer_6physical_core4x2,653,15,972,326,0.016924694950381916,0.017062390223145485,0.0007633480392907228,0.01401194091886282,0.01753445528447628,0.07990345722685258,0.07432927377521992,75,0.9345357179641723
29,credit-approval,tabpfn,653,15,972,326,0.020061522250374157,0.020219924859702587,0.0008698154734347759,0.016545100137591362,0.020811425521969795,0.0854698166747888,0.07854161597788334,75,0.9354403972625732
31,credit-g,hybrid_8l,1000,20,972,500,0.01930024954179923,0.019260304979979992,0.00010138802926793368,0.019217905588448048,0.01966299954801798,0.09945050607124964,0.09703835286200047,75,0.7892918944358825
31,credit-g,hydra,1000,20,972,500,0.02770887068162362,0.027640976011753082,0.00014511569055418338,0.02759198285639286,0.02823786623775959,0.10965468985339005,0.10590958315879107,75,0.7807626128196716
31,credit-g,looped_transformer_6physical_core4x2,1000,20,972,500,0.02345447529107332,0.023383409716188908,0.00017747016608884875,0.023314948193728924,0.024433827959001064,0.10490965122977892,0.10058311093598604,75,0.7866158604621887
31,credit-g,tabpfn,1000,20,972,500,0.0278260342652599,0.027769198641180992,0.0001265957795220246,0.02769013773649931,0.028231495060026646,0.10955244774619738,0.10625051893293858,75,0.7896058559417725
37,diabetes,hybrid_8l,768,8,972,384,0.01506293572485447,0.015088520012795925,0.00022657891657560958,0.014607829041779041,0.015556949190795422,0.05204145943125089,0.051683321595191956,75,0.8281865119934082
37,diabetes,hydra,768,8,972,384,0.0218149853994449,0.02186060231178999,0.0002709703033077252,0.02121258433908224,0.02241669688373804,0.0598796329771479,0.059602328576147556,75,0.8420783162117005
37,diabetes,looped_transformer_6physical_core4x2,768,8,972,384,0.018065568519135315,0.018154028803110123,0.0003080240482688435,0.017522742971777916,0.01890125498175621,0.054730721041560175,0.054285803809762,75,0.8427225947380066
37,diabetes,tabpfn,768,8,972,384,0.0213429735476772,0.021435337141156197,0.00034743371485433,0.02068713027983904,0.02227851375937462,0.05966023000578086,0.05911524500697851,75,0.8412927031517029
50,tic-tac-toe,hybrid_8l,958,9,972,479,0.015967114244898162,0.01584609504789114,0.0008542860801432059,0.015045438893139362,0.018147817812860012,0.05490666121244431,0.05516020953655243,75,0.970254409313202
50,tic-tac-toe,hydra,958,9,972,479,0.023123140310247738,0.022930719889700413,0.0012076574342539481,0.021799536421895027,0.02650006301701069,0.06312274595101675,0.0627825427800417,75,0.7990631461143494
50,tic-tac-toe,looped_transformer_6physical_core4x2,958,9,972,479,0.019458669101198513,0.019296945072710514,0.001100442287848395,0.01825497020035982,0.022443868219852448,0.05766374539583921,0.05788542237132788,75,0.973424768447876
50,tic-tac-toe,tabpfn,958,9,972,479,0.023087985205153625,0.022984051145613194,0.0012620473666382981,0.021666985005140305,0.02631633635610342,0.06459202953924735,0.06382329482585192,75,0.9751107215881347
54,vehicle,hybrid_8l,846,18,972,423,0.02807141234477361,0.028349156491458416,0.0012425196501871117,0.025494137778878212,0.029764198698103428,0.10690999252100786,0.10376814287155867,75,0.9494154214859009
54,vehicle,hydra,846,18,972,423,0.04282366155336301,0.04345107264816761,0.0019532189309296654,0.0389215387403965,0.04784106183797121,0.1253136046975851,0.11917939502745867,75,0.9267779469490052
54,vehicle,looped_transformer_6physical_core4x2,846,18,972,423,0.03284710802137852,0.03321918472647667,0.0015499281858034474,0.029875528998672962,0.03496902156621218,0.11287272011240324,0.1074893232434988,75,0.9556835651397705
54,vehicle,tabpfn,846,18,972,423,0.03911572170754274,0.039652434177696705,0.0017887204204081167,0.035428701899945736,0.04154801741242409,0.1218457284073035,0.11654988303780556,75,0.9572097301483155
188,eucalyptus,hybrid_8l,641,19,972,320,0.02716606910030047,0.027185761369764805,0.0005729355704350119,0.025825384072959423,0.02797665074467659,0.10952949681629737,0.10569043550640345,75,0.911457109451294
188,eucalyptus,hydra,641,19,972,320,0.04170057625820239,0.04224464576691389,0.0008570871019217415,0.03958282247185707,0.04287645407021046,0.12193115485211213,0.11998142302036285,75,0.8992467284202575
188,eucalyptus,looped_transformer_6physical_core4x2,641,19,972,320,0.031616452199717364,0.03169958479702473,0.0007137451404959048,0.02994474023580551,0.032685753889381886,0.1100072988991936,0.10873239859938622,75,0.9142636895179749
188,eucalyptus,tabpfn,641,19,972,320,0.037588504143059254,0.03812941908836365,0.0008355705973340527,0.03552521392703056,0.038767057470977306,0.11883614357560873,0.11640772223472595,75,0.9147530913352966
458,analcatdata_authorship,hybrid_8l,841,70,972,420,0.02917546360443036,0.029101000167429447,0.0001639783990632963,0.028990531340241432,0.029634651727974415,0.2916595517098904,0.28593681287020445,75,0.9999969720840454
458,analcatdata_authorship,hydra,841,70,972,420,0.04407466035336256,0.04403975699096918,0.00017520367120206002,0.04384251218289137,0.044576844200491905,0.30442024822036423,0.30091589968651533,75,0.9999135136604309
458,analcatdata_authorship,looped_transformer_6physical_core4x2,841,70,972,420,0.034516273997724056,0.03447779826819897,0.00015133057598751092,0.034310370683670044,0.03493156749755144,0.2920923117672404,0.2907508360221982,75,0.9999984860420227
458,analcatdata_authorship,tabpfn,841,70,972,420,0.04090433817356825,0.040881842374801636,0.00014239395003806546,0.040664901956915855,0.041263467632234097,0.29935054197907446,0.2985154455527663,75,0.9999956727027893
469,analcatdata_dmft,hybrid_8l,797,4,972,398,0.02882062749316295,0.02860916778445244,0.000879171998201676,0.02848956175148487,0.03437703847885132,0.07231648617734511,0.0632736012339592,75,0.5877482533454895
469,analcatdata_dmft,hydra,797,4,972,398,0.043806570048133535,0.04353448748588562,0.0012780543064988394,0.04338384419679642,0.05244285799562931,0.0896295715495944,0.07906163483858109,75,0.566217041015625
469,analcatdata_dmft,looped_transformer_6physical_core4x2,797,4,972,398,0.03357909676929315,0.033279648050665855,0.0011183192554199942,0.033146366477012634,0.040155475959181786,0.07759068792064984,0.06746246665716171,75,0.5848645806312561
469,analcatdata_dmft,tabpfn,797,4,972,398,0.039808170621593794,0.039509331807494164,0.0013488689552977567,0.03931822907179594,0.047527534887194633,0.08849989097565412,0.0751116806641221,75,0.5754562497138977
1049,pc4,hybrid_8l,1458,37,972,512,0.019497412778437136,0.01945685688406229,0.0006369136990648718,0.016208301298320293,0.021257387474179268,0.1870685542250673,0.16489995829761028,75,0.9296761393547058
1049,pc4,hydra,1458,37,972,512,0.027821674570441247,0.027896077372133732,0.0007569045102745821,0.023163970559835434,0.02840369939804077,0.18986780083427826,0.17268910817801952,75,0.9139121770858765
1049,pc4,looped_transformer_6physical_core4x2,1458,37,972,512,0.023541352959970632,0.023599705658853054,0.0006758798668500954,0.01949259452521801,0.024346291087567806,0.1881950044259429,0.167852645739913,75,0.9293987274169921
1049,pc4,tabpfn,1458,37,972,512,0.027919529676437377,0.028006285429000854,0.0009662214139477216,0.023302012123167515,0.03056147787719965,0.19292337869604428,0.1724634626880288,75,0.933065402507782
1050,pc3,hybrid_8l,1563,37,972,512,0.019678686372935773,0.019709103740751743,0.00020345749177276928,0.01937464065849781,0.020128348842263222,0.1726872969046235,0.1637519635260105,75,0.8273314356803894
1050,pc3,hydra,1563,37,972,512,0.02810787107795477,0.02813003957271576,0.00022379060068005086,0.02780369110405445,0.029034744016826153,0.17813674081116915,0.1715404698625207,75,0.8159644722938537
1050,pc3,looped_transformer_6physical_core4x2,1563,37,972,512,0.023843386384348075,0.02384174522012472,0.00019967906776195465,0.02351006679236889,0.024460677057504654,0.17564696115752063,0.16694979183375835,75,0.8315631508827209
1050,pc3,tabpfn,1563,37,972,512,0.02818643196175496,0.028215541504323483,0.0001715537557860103,0.02790483459830284,0.028558893129229546,0.1800154060870409,0.17269192077219486,75,0.8237703084945679
1063,kc2,hybrid_8l,522,21,972,261,0.012551037135223547,0.012646051123738289,0.00026563938497784964,0.011999947018921375,0.013007025234401226,0.09316735545794169,0.08975763991475105,75,0.7965834259986877
1063,kc2,hydra,522,21,972,261,0.017094271692136922,0.017130888998508453,0.00036519003948503703,0.016455229371786118,0.01822337880730629,0.09862437934925158,0.09540252480655909,75,0.8299381136894226
1063,kc2,looped_transformer_6physical_core4x2,522,21,972,261,0.014431232375403245,0.014463485218584538,0.00015740089541865592,0.014182311482727528,0.014776807278394699,0.0934919172525406,0.09104178193956614,75,0.8338557839393616
1063,kc2,tabpfn,522,21,972,261,0.01704285968095064,0.017071817070245743,0.00036505505783322284,0.016742913983762264,0.019875810481607914,0.09800757646560669,0.09495296236127615,75,0.8339524269104004
1068,pc1,hybrid_8l,1109,21,972,512,0.019530454414586226,0.01945701614022255,0.00019349433706766547,0.019324814900755882,0.02014585118740797,0.10701670246819656,0.10257633775472641,75,0.8752937197685242
1068,pc1,hydra,1109,21,972,512,0.027936182829240958,0.027872411534190178,0.00018742094850707292,0.027744418941438198,0.028461256995797157,0.1133775587255756,0.10996191203594208,75,0.826337194442749
1068,pc1,looped_transformer_6physical_core4x2,1109,21,972,512,0.02364314372340838,0.023548537865281105,0.00018729581424481006,0.023454660549759865,0.024164746515452862,0.10851518387595813,0.10459413100033998,75,0.8765598654747009
1068,pc1,tabpfn,1109,21,972,512,0.028088499121367932,0.028032265603542328,0.00018945962456626907,0.027879825793206692,0.028662238270044327,0.1156816911821564,0.11147628165781498,75,0.8716344475746155
1462,banknote-authentication,hybrid_8l,1372,4,972,512,0.01625521800170342,0.016080779023468494,0.0005840012179967299,0.01601510401815176,0.019759418442845345,0.043075224446753664,0.03923261631280184,75,1.0
1462,banknote-authentication,hydra,1372,4,972,512,0.023280290737748146,0.023111882619559765,0.0006198848462913252,0.02305432315915823,0.0277487775310874,0.05175871754686038,0.047141872346401215,75,1.0
1462,banknote-authentication,looped_transformer_6physical_core4x2,1372,4,972,512,0.019520987905561924,0.019442258402705193,0.0004767872832748463,0.01938554085791111,0.023508532904088497,0.044044067189097404,0.04205835983157158,75,1.0
1462,banknote-authentication,tabpfn,1372,4,972,512,0.02311589565128088,0.023043451830744743,0.00018771891980235052,0.022958070039749146,0.024223237298429012,0.049937368631362916,0.04736650828272104,75,1.0
1464,blood-transfusion-service-center,hybrid_8l,748,4,972,374,0.012598029437164466,0.012499473989009857,0.0003865059316427417,0.012381419539451599,0.015611359849572182,0.038729439762731396,0.03496854659169912,75,0.7451918005943299
1464,blood-transfusion-service-center,hydra,748,4,972,374,0.017856776143113772,0.017782834358513355,0.00018509938551787957,0.017668256536126137,0.018843152560293674,0.044395114270349346,0.0409177178516984,75,0.7595831751823425
1464,blood-transfusion-service-center,looped_transformer_6physical_core4x2,748,4,972,374,0.01500436673561732,0.014947833493351936,0.0001187022654038042,0.014885133132338524,0.015397364273667336,0.039080522519846755,0.03696642257273197,75,0.753058660030365
1464,blood-transfusion-service-center,tabpfn,748,4,972,374,0.017687194931010404,0.017637949436903,0.00011287690654316205,0.017555163241922855,0.01797541882842779,0.04239493440836668,0.0408067787066102,75,0.7564161419868469
1480,ilpd,hybrid_8l,583,10,972,291,0.012510114274919033,0.01266938541084528,0.0005824440223625513,0.010734769515693188,0.013068611733615398,0.05395226627588272,0.05247226171195507,75,0.7292548179626465
1480,ilpd,hydra,583,10,972,291,0.017662433547278245,0.017770661041140556,0.00044229355958828615,0.01638065744191408,0.018274295143783092,0.05994979171703259,0.05820405203849077,75,0.7332129836082458
1480,ilpd,looped_transformer_6physical_core4x2,583,10,972,291,0.014445271156728268,0.014690845273435116,0.000811187203224914,0.012104034423828125,0.015054004266858101,0.055572208563486734,0.053802662529051304,75,0.7351219058036804
1480,ilpd,tabpfn,583,10,972,291,0.01705078532298406,0.01736611407250166,0.0009507405984773636,0.014298302121460438,0.01768895611166954,0.05911759099612633,0.05801845993846655,75,0.7389021754264832
1494,qsar-biodeg,hybrid_8l,1055,41,972,512,0.019783770305414995,0.0194890471175313,0.0010565179078831516,0.019359461031854153,0.028362969867885113,0.18599845663954814,0.1780886622145772,75,0.9309940695762634
1494,qsar-biodeg,hydra,1055,41,972,512,0.02879770837724209,0.027937463484704494,0.0032651574675396536,0.027772110886871815,0.047520169056952,0.19844777287294468,0.18860801495611668,75,0.9117488026618957
1494,qsar-biodeg,looped_transformer_6physical_core4x2,1055,41,972,512,0.023799644770721596,0.023632166907191277,0.00039193669555985744,0.023463226854801178,0.026016714982688427,0.1919079794983069,0.1828345451503992,75,0.932079267501831
1494,qsar-biodeg,tabpfn,1055,41,972,512,0.028172636839250722,0.02804811391979456,0.000293421870488748,0.02785815391689539,0.02913159690797329,0.19786963703731697,0.1866788286715746,75,0.9339252471923828
1510,wdbc,hybrid_8l,569,30,972,284,0.013201730673511823,0.013020441867411137,0.0005587492617001256,0.012551572173833847,0.01620736811310053,0.1298236672952771,0.1253622779622674,75,0.9962894439697265
1510,wdbc,hydra,569,30,972,284,0.01860832581917445,0.01788976602256298,0.001761998196368517,0.01739332638680935,0.028567949309945107,0.13477001634736857,0.13131269253790379,75,0.9963654994964599
1510,wdbc,looped_transformer_6physical_core4x2,569,30,972,284,0.014864373455444972,0.01475709117949009,0.0003051074656710366,0.014588831923902035,0.01660292875021696,0.1310060659671823,0.12598518002778292,75,0.9964318752288819
1510,wdbc,tabpfn,569,30,972,284,0.01753256833801667,0.01741893496364355,0.00025094077414027506,0.017278699204325676,0.018499120138585567,0.13471832856535912,0.13040629588067532,75,0.9965328574180603
6332,cylinder-bands,hybrid_8l,277,37,972,138,0.010249704904854297,0.010129001922905445,0.000321134136470383,0.009959320537745953,0.011782093904912472,0.12039875537157059,0.11875555943697691,75,0.7922531962394714
6332,cylinder-bands,hydra,277,37,972,138,0.016697410208483535,0.01651519164443016,0.0004141565159093785,0.016240371391177177,0.018213549628853798,0.12712101351469754,0.12609767075628042,75,0.7525364041328431
6332,cylinder-bands,looped_transformer_6physical_core4x2,277,37,972,138,0.008968025880555312,0.008889143355190754,0.00016769889937743074,0.008823287673294544,0.009604508057236671,0.11796263811488947,0.11728056520223618,75,0.7623323917388916
6332,cylinder-bands,tabpfn,277,37,972,138,0.010531869282325109,0.010447444394230843,0.00028722005000758,0.010375318117439747,0.01236546877771616,0.1216836927458644,0.12008700240403414,75,0.7815157175064087
23381,dresses-sales,hybrid_8l,99,12,972,49,0.009916024208068848,0.009811661206185818,0.00041031991330188467,0.00945293065160513,0.012164688669145107,0.051186105186740556,0.051185403019189835,75,0.5076473355293274
23381,dresses-sales,hydra,99,12,972,49,0.016455363209048907,0.016406907700002193,0.0004627431246867535,0.015878355130553246,0.018233658745884895,0.05834190911302964,0.05800475366413593,75,0.5016490340232849
23381,dresses-sales,looped_transformer_6physical_core4x2,99,12,972,49,0.007636805189152559,0.00757503230124712,0.00024250316786755447,0.0073628295212984085,0.008651983924210072,0.04841894603023927,0.04832621570676565,75,0.5133025646209717
23381,dresses-sales,tabpfn,99,12,972,49,0.008880610925455888,0.008867241442203522,0.00023744365158419526,0.008572682738304138,0.009829805232584476,0.050895655217270054,0.05074313469231129,75,0.5092024087905884
40966,MiceProtein,hybrid_8l,552,77,972,276,0.025236691658695538,0.025148880667984486,0.0003064862555389019,0.025027049705386162,0.027490956708788872,0.32251697722822426,0.3064240012317896,75,1.0
40966,MiceProtein,hydra,552,77,972,276,0.03776469146211942,0.03770351782441139,0.00014792096414344735,0.037629786878824234,0.03858996834605932,0.3296358947083354,0.31141146924346685,75,0.9977044463157654
40966,MiceProtein,looped_transformer_6physical_core4x2,552,77,972,276,0.0305255871762832,0.030446698889136314,0.00019464278142379958,0.03033833298832178,0.03164476715028286,0.32827244701484837,0.30732390470802784,75,0.9999962210655212
40966,MiceProtein,tabpfn,552,77,972,276,0.03610473896066348,0.03603041730821133,0.0001758732129106534,0.035900020971894264,0.03684411849826574,0.3321368360891938,0.31219417322427034,75,1.0
40975,car,hybrid_8l,1728,6,972,512,0.029154324556390443,0.02898047026246786,0.0007596716204503907,0.028887303546071053,0.034718400798738,0.07434856663147608,0.06712160725146532,75,0.9845752716064453
40975,car,hydra,1728,6,972,512,0.04374625351279974,0.04363024700433016,0.0004613421058055418,0.04353857319802046,0.047059014439582825,0.09792075584332148,0.08359430730342865,75,0.9465188980102539
40975,car,looped_transformer_6physical_core4x2,1728,6,972,512,0.03426041466494401,0.03410129249095917,0.0007122810893876924,0.033972157165408134,0.039944653399288654,0.08023534505317609,0.07319869101047516,75,0.98311368227005
40975,car,tabpfn,1728,6,972,512,0.040632659172018366,0.04042121581733227,0.0010262817373154329,0.040269529446959496,0.048952741548419,0.09159420173615217,0.08050527516752481,75,0.9874048352241516
40982,steel-plates-fault,hybrid_8l,1941,27,972,512,0.0411935014401873,0.04191124998033047,0.0016785813846841673,0.03481581620872021,0.04423162620514631,0.17520389517148335,0.16612056083977222,75,0.9508860945701599
40982,steel-plates-fault,hydra,1941,27,972,512,0.06324880838394165,0.06427701562643051,0.0024537687152937225,0.05373419262468815,0.06754003930836916,0.19695739414542912,0.1895246058702469,75,0.9196940779685974
40982,steel-plates-fault,looped_transformer_6physical_core4x2,1941,27,972,512,0.046957793359955154,0.04759224411100149,0.0017000981472704729,0.039669111371040344,0.04937888868153095,0.17897741813212634,0.17191046196967363,75,0.9508338451385498
40982,steel-plates-fault,tabpfn,1941,27,972,512,0.05557217601686716,0.05648384056985378,0.002255475876045937,0.04700861964374781,0.060831218026578426,0.19167236983776093,0.18178594298660755,75,0.955334997177124
40994,climate-model-simulation-crashes,hybrid_8l,540,18,972,270,0.012989786639809608,0.012644337490200996,0.0008146028815767191,0.012293252162635326,0.01631531212478876,0.08991486575454473,0.08175644464790821,75,0.943306851387024
40994,climate-model-simulation-crashes,hydra,540,18,972,270,0.017754396125674247,0.017335105687379837,0.0016861549725608262,0.01682195346802473,0.027563263662159443,0.09776811848084131,0.0878343004733324,75,0.9342594385147095
40994,climate-model-simulation-crashes,looped_transformer_6physical_core4x2,540,18,972,270,0.014650629460811615,0.01451293844729662,0.00033151029324332017,0.014403260312974453,0.016694151796400547,0.09099477240194877,0.08174529392272234,75,0.9409520864486695
40994,climate-model-simulation-crashes,tabpfn,540,18,972,270,0.017342902657886346,0.017166093923151493,0.00041097357453670914,0.01700179371982813,0.019351596012711525,0.09639969199895859,0.08642554190009832,75,0.9410526037216187
