did,dataset_name,model,num_samples,num_features,eval_position,run,status,error,synchronized_elapsed_seconds,internal_unsynchronized_seconds,mean_metric
11,balance-scale,hybrid_8l,625,4,972,1,ok,,0.0383785255253315,0.014355855993926525,0.9993098974227905
11,balance-scale,hydra,625,4,972,1,ok,,0.04911021515727043,0.022212008014321327,0.9934437274932861
11,balance-scale,tabpfn,625,4,972,1,ok,,0.04377161059528589,0.01987541187554598,0.9993955492973328
11,balance-scale,tabpfn,625,4,972,2,ok,,0.04366626124829054,0.019789359532296658,0.996491014957428
11,balance-scale,hybrid_8l,625,4,972,2,ok,,0.037734695710241795,0.01430316548794508,0.9926596283912659
11,balance-scale,hydra,625,4,972,2,ok,,0.04562688618898392,0.021555354818701744,0.9822571873664856
11,balance-scale,tabpfn,625,4,972,3,ok,,0.04339926689863205,0.019840365275740623,0.998451828956604
11,balance-scale,hybrid_8l,625,4,972,3,ok,,0.03717619739472866,0.014271777123212814,0.9962307810783386
11,balance-scale,hydra,625,4,972,3,ok,,0.04529722221195698,0.021545476280152798,0.9882017970085144
11,balance-scale,tabpfn,625,4,972,4,ok,,0.04451997857540846,0.019831168465316296,0.9949772357940674
11,balance-scale,hybrid_8l,625,4,972,4,ok,,0.038123381324112415,0.014313937164843082,0.9892569780349731
11,balance-scale,hydra,625,4,972,4,ok,,0.046192687936127186,0.021549132652580738,0.9771883487701416
11,balance-scale,tabpfn,625,4,972,5,ok,,0.044569662772119045,0.019818894565105438,0.9976605176925659
11,balance-scale,hydra,625,4,972,5,ok,,0.04642779380083084,0.021598386578261852,0.9914498925209045
11,balance-scale,hybrid_8l,625,4,972,5,ok,,0.038942763581871986,0.014353160746395588,0.9940381646156311
11,balance-scale,tabpfn,625,4,972,6,ok,,0.04382473137229681,0.019866115413606167,0.9982923269271851
11,balance-scale,hydra,625,4,972,6,ok,,0.045500366017222404,0.021659281104803085,0.987230122089386
11,balance-scale,hybrid_8l,625,4,972,6,ok,,0.03823428228497505,0.014294869266450405,0.9954671859741211
11,balance-scale,tabpfn,625,4,972,7,ok,,0.05100364238023758,0.020002052187919617,0.9979758858680725
11,balance-scale,hybrid_8l,625,4,972,7,ok,,0.040402489714324474,0.014457439072430134,0.9926635026931763
11,balance-scale,hydra,625,4,972,7,ok,,0.049140662886202335,0.022136646322906017,0.9872779250144958
11,balance-scale,hybrid_8l,625,4,972,8,ok,,0.03812524490058422,0.014296763576567173,0.9972023367881775
11,balance-scale,tabpfn,625,4,972,8,ok,,0.04808686673641205,0.020934388041496277,0.9999569654464722
11,balance-scale,hydra,625,4,972,8,ok,,0.047675687819719315,0.021815186366438866,0.9931101202964783
11,balance-scale,hydra,625,4,972,9,ok,,0.047170720994472504,0.022098423913121223,0.9941210150718689
11,balance-scale,tabpfn,625,4,972,9,ok,,0.04605103004723787,0.020913698710501194,0.9998287558555603
11,balance-scale,hybrid_8l,625,4,972,9,ok,,0.039074964821338654,0.014729424379765987,0.9979451894760132
11,balance-scale,tabpfn,625,4,972,10,ok,,0.044018969871103764,0.02024712599813938,0.9993695616722107
11,balance-scale,hydra,625,4,972,10,ok,,0.045441183261573315,0.021989066153764725,0.9870942831039429
11,balance-scale,hybrid_8l,625,4,972,10,ok,,0.037208967842161655,0.014302724972367287,0.9954403042793274
14,mfeat-fourier,hydra,2000,76,972,1,ok,,0.3535063350573182,0.05349485110491514,0.9607399106025696
14,mfeat-fourier,hybrid_8l,2000,76,972,1,ok,,0.336242850869894,0.03464847803115845,0.9729669094085693
14,mfeat-fourier,tabpfn,2000,76,972,1,ok,,0.34779426362365484,0.04679805412888527,0.9763577580451965
14,mfeat-fourier,hydra,2000,76,972,2,ok,,0.3486323719844222,0.05374283995479345,0.9541035890579224
14,mfeat-fourier,tabpfn,2000,76,972,2,ok,,0.3427825290709734,0.04679812490940094,0.9726930856704712
14,mfeat-fourier,hybrid_8l,2000,76,972,2,ok,,0.3370140418410301,0.041323473677039146,0.9723188877105713
14,mfeat-fourier,hybrid_8l,2000,76,972,3,ok,,0.34665627870708704,0.04155644495040178,0.9679796695709229
14,mfeat-fourier,hydra,2000,76,972,3,ok,,0.36537899635732174,0.06394269317388535,0.9539015293121338
14,mfeat-fourier,tabpfn,2000,76,972,3,ok,,0.35914826299995184,0.05613069422543049,0.9682010412216187
14,mfeat-fourier,hydra,2000,76,972,4,ok,,0.3695780420675874,0.06388824991881847,0.9601684212684631
14,mfeat-fourier,tabpfn,2000,76,972,4,ok,,0.3584375372156501,0.056034030392766,0.9759479761123657
14,mfeat-fourier,hybrid_8l,2000,76,972,4,ok,,0.3990867929533124,0.0414119902998209,0.9751428365707397
14,mfeat-fourier,hydra,2000,76,972,5,ok,,0.3683101702481508,0.06387290265411139,0.955400288105011
14,mfeat-fourier,hybrid_8l,2000,76,972,5,ok,,0.344194695353508,0.041437478736042976,0.9741052389144897
14,mfeat-fourier,tabpfn,2000,76,972,5,ok,,0.379505667835474,0.0560320969671011,0.9742161631584167
14,mfeat-fourier,hybrid_8l,2000,76,972,6,ok,,0.34694891329854727,0.04133263137191534,0.9742677211761475
14,mfeat-fourier,hydra,2000,76,972,6,ok,,0.3703060895204544,0.06384935695677996,0.9619619250297546
14,mfeat-fourier,tabpfn,2000,76,972,6,ok,,0.36190022621303797,0.056015586480498314,0.9758619666099548
14,mfeat-fourier,hybrid_8l,2000,76,972,7,ok,,0.34593942016363144,0.04125997330993414,0.9749643802642822
14,mfeat-fourier,tabpfn,2000,76,972,7,ok,,0.39286038745194674,0.0561367254704237,0.9774750471115112
14,mfeat-fourier,hydra,2000,76,972,7,ok,,0.36740768048912287,0.06421526055783033,0.9615145921707153
14,mfeat-fourier,hybrid_8l,2000,76,972,8,ok,,0.3439019499346614,0.04126058332622051,0.9794492125511169
14,mfeat-fourier,hydra,2000,76,972,8,ok,,0.37116672098636627,0.06384792365133762,0.9674370288848877
14,mfeat-fourier,tabpfn,2000,76,972,8,ok,,0.35993344988673925,0.05614717584103346,0.9817882776260376
14,mfeat-fourier,tabpfn,2000,76,972,9,ok,,0.36530478671193123,0.056246683932840824,0.9772804975509644
14,mfeat-fourier,hybrid_8l,2000,76,972,9,ok,,0.3480941615998745,0.04160353448241949,0.9732940196990967
14,mfeat-fourier,hydra,2000,76,972,9,ok,,0.3676644964143634,0.06384292524307966,0.9634541869163513
14,mfeat-fourier,hybrid_8l,2000,76,972,10,ok,,0.34058495704084635,0.04172984417527914,0.974552571773529
14,mfeat-fourier,hydra,2000,76,972,10,ok,,0.36210209783166647,0.06384939700365067,0.9640849828720093
14,mfeat-fourier,tabpfn,2000,76,972,10,ok,,0.35449518729001284,0.05612367112189531,0.9783384203910828
15,breast-w,hybrid_8l,683,9,972,1,ok,,0.05602764990180731,0.014955401420593262,0.993087887763977
15,breast-w,tabpfn,683,9,972,1,ok,,0.06200180668383837,0.020137969404459,0.9940646290779114
15,breast-w,hydra,683,9,972,1,ok,,0.060175457037985325,0.019779651425778866,0.9946280717849731
15,breast-w,tabpfn,683,9,972,2,ok,,0.06125596445053816,0.019391676411032677,0.9937295913696289
15,breast-w,hybrid_8l,683,9,972,2,ok,,0.05432675685733557,0.013552173040807247,0.9918674230575562
15,breast-w,hydra,683,9,972,2,ok,,0.060427865013480186,0.019117577001452446,0.993349552154541
15,breast-w,hybrid_8l,683,9,972,3,ok,,0.05471492279320955,0.0136391781270504,0.9920253157615662
15,breast-w,hydra,683,9,972,3,ok,,0.05951895285397768,0.019117466174066067,0.9939712882041931
15,breast-w,tabpfn,683,9,972,3,ok,,0.05997923482209444,0.01936399284750223,0.9934371113777161
15,breast-w,tabpfn,683,9,972,4,ok,,0.05938264448195696,0.019395042210817337,0.9946743249893188
15,breast-w,hybrid_8l,683,9,972,4,ok,,0.05241347197443247,0.013512207195162773,0.9936015605926514
15,breast-w,hydra,683,9,972,4,ok,,0.058938043192029,0.01909091416746378,0.9942528605461121
15,breast-w,hydra,683,9,972,5,ok,,0.05984034202992916,0.019077850505709648,0.9951037764549255
15,breast-w,hybrid_8l,683,9,972,5,ok,,0.05384247936308384,0.013464516960084438,0.9950254559516907
15,breast-w,tabpfn,683,9,972,5,ok,,0.060300313867628574,0.01952041033655405,0.9953387975692749
15,breast-w,hydra,683,9,972,6,ok,,0.0663601029664278,0.02006363868713379,0.9946656823158264
15,breast-w,tabpfn,683,9,972,6,ok,,0.060377899557352066,0.019508386962115765,0.9945529699325562
15,breast-w,hybrid_8l,683,9,972,6,ok,,0.0547202629968524,0.01434622798115015,0.9933133125305176
15,breast-w,hybrid_8l,683,9,972,7,ok,,0.05275090131908655,0.013522547669708729,0.9928352236747742
15,breast-w,hydra,683,9,972,7,ok,,0.05890592187643051,0.019120892509818077,0.9933333396911621
15,breast-w,tabpfn,683,9,972,7,ok,,0.059752034954726696,0.01959381904453039,0.9936398267745972
15,breast-w,hybrid_8l,683,9,972,8,ok,,0.05363468546420336,0.01352040283381939,0.9932158589363098
15,breast-w,hydra,683,9,972,8,ok,,0.059947215020656586,0.01924295350909233,0.994892418384552
15,breast-w,tabpfn,683,9,972,8,ok,,0.060434767976403236,0.01943017914891243,0.994268536567688
15,breast-w,hybrid_8l,683,9,972,9,ok,,0.05155139043927193,0.013464267365634441,0.9960620999336243
15,breast-w,tabpfn,683,9,972,9,ok,,0.0580269368365407,0.01940111443400383,0.9965689182281494
15,breast-w,hydra,683,9,972,9,ok,,0.05767206382006407,0.01904873549938202,0.9962959885597229
15,breast-w,hydra,683,9,972,10,ok,,0.055563630536198616,0.019003851339221,0.9962225556373596
15,breast-w,hybrid_8l,683,9,972,10,ok,,0.04931143578141928,0.013411276042461395,0.996985673904419
15,breast-w,tabpfn,683,9,972,10,ok,,0.05609052907675505,0.019423366524279118,0.9965277910232544
16,mfeat-karhunen,hybrid_8l,2000,64,972,1,ok,,0.29429824091494083,0.041474368423223495,0.9943613409996033
16,mfeat-karhunen,tabpfn,2000,64,972,1,ok,,0.31078098621219397,0.056292951107025146,0.9949474930763245
16,mfeat-karhunen,hydra,2000,64,972,1,ok,,0.3150853402912617,0.0638201218098402,0.9864488840103149
16,mfeat-karhunen,tabpfn,2000,64,972,2,ok,,0.31192651577293873,0.05648227967321873,0.9969623684883118
16,mfeat-karhunen,hybrid_8l,2000,64,972,2,ok,,0.2951074941083789,0.04140826407819986,0.9961678981781006
16,mfeat-karhunen,hydra,2000,64,972,2,ok,,0.3168523767963052,0.06382802687585354,0.9898191690444946
16,mfeat-karhunen,tabpfn,2000,64,972,3,ok,,0.31054448802024126,0.056409673765301704,0.9948896169662476
16,mfeat-karhunen,hybrid_8l,2000,64,972,3,ok,,0.29447268042713404,0.0413630586117506,0.9949135780334473
16,mfeat-karhunen,hydra,2000,64,972,3,ok,,0.3191680945456028,0.06384772434830666,0.9873192310333252
16,mfeat-karhunen,hydra,2000,64,972,4,ok,,0.3193161552771926,0.06437407992780209,0.993351399898529
16,mfeat-karhunen,tabpfn,2000,64,972,4,ok,,0.31110007129609585,0.05615359731018543,0.9984362125396729
16,mfeat-karhunen,hybrid_8l,2000,64,972,4,ok,,0.29269746877253056,0.041259171441197395,0.9983769059181213
16,mfeat-karhunen,tabpfn,2000,64,972,5,ok,,0.3139903349801898,0.056443517096340656,0.9969795346260071
16,mfeat-karhunen,hydra,2000,64,972,5,ok,,0.32131168618798256,0.06389325018972158,0.9898945689201355
16,mfeat-karhunen,hybrid_8l,2000,64,972,5,ok,,0.2995671611279249,0.041251165792346,0.9962977170944214
16,mfeat-karhunen,hybrid_8l,2000,64,972,6,ok,,0.29524311143904924,0.04173864983022213,0.9950124621391296
16,mfeat-karhunen,hydra,2000,64,972,6,ok,,0.323101295158267,0.06393357552587986,0.9858911037445068
16,mfeat-karhunen,tabpfn,2000,64,972,6,ok,,0.33394796401262283,0.056005447171628475,0.9938654899597168
16,mfeat-karhunen,hydra,2000,64,972,7,ok,,0.3194926083087921,0.06404930539429188,0.9904475212097168
16,mfeat-karhunen,hybrid_8l,2000,64,972,7,ok,,0.29808162804692984,0.04131700098514557,0.9976305365562439
16,mfeat-karhunen,tabpfn,2000,64,972,7,ok,,0.314199011772871,0.056091681122779846,0.9977691769599915
16,mfeat-karhunen,hybrid_8l,2000,64,972,8,ok,,0.3033666694536805,0.041565582156181335,0.9979043006896973
16,mfeat-karhunen,tabpfn,2000,64,972,8,ok,,0.31096266955137253,0.056027679704129696,0.9976593255996704
16,mfeat-karhunen,hydra,2000,64,972,8,ok,,0.318103046156466,0.06384007912129164,0.9935581684112549
16,mfeat-karhunen,tabpfn,2000,64,972,9,ok,,0.3120431760326028,0.0563241308555007,0.9983264803886414
16,mfeat-karhunen,hydra,2000,64,972,9,ok,,0.3208682853728533,0.06383713334798813,0.9913232922554016
16,mfeat-karhunen,hybrid_8l,2000,64,972,9,ok,,0.3219749918207526,0.0414537712931633,0.9977593421936035
16,mfeat-karhunen,hydra,2000,64,972,10,ok,,0.34529819525778294,0.06404935475438833,0.9908570647239685
16,mfeat-karhunen,tabpfn,2000,64,972,10,ok,,0.31205129250884056,0.05628460552543402,0.9980225563049316
16,mfeat-karhunen,hybrid_8l,2000,64,972,10,ok,,0.2944223862141371,0.04135404247790575,0.9980211853981018
18,mfeat-morphological,hybrid_8l,2000,6,972,1,ok,,0.12353756092488766,0.04174015298485756,0.965911865234375
18,mfeat-morphological,tabpfn,2000,6,972,1,ok,,0.12146205827593803,0.05637655034661293,0.9655472040176392
18,mfeat-morphological,hydra,2000,6,972,1,ok,,0.12685225903987885,0.06384267378598452,0.9611104130744934
18,mfeat-morphological,hybrid_8l,2000,6,972,2,ok,,0.10151755530387163,0.04152064677327871,0.961776077747345
18,mfeat-morphological,tabpfn,2000,6,972,2,ok,,0.10815169289708138,0.046849521808326244,0.959438681602478
18,mfeat-morphological,hydra,2000,6,972,2,ok,,0.11437807884067297,0.05360556114464998,0.9581547379493713
18,mfeat-morphological,hydra,2000,6,972,3,ok,,0.11489274445921183,0.05345214903354645,0.9563263654708862
18,mfeat-morphological,tabpfn,2000,6,972,3,ok,,0.10778624098747969,0.0467987060546875,0.9626619219779968
18,mfeat-morphological,hybrid_8l,2000,6,972,3,ok,,0.11562399845570326,0.03475854732096195,0.9649181365966797
18,mfeat-morphological,hybrid_8l,2000,6,972,4,ok,,0.095977951772511,0.03463392984122038,0.9606669545173645
18,mfeat-morphological,tabpfn,2000,6,972,4,ok,,0.10858048498630524,0.04708969593048096,0.9615218639373779
18,mfeat-morphological,hydra,2000,6,972,4,ok,,0.1167369270697236,0.05345822125673294,0.9546549320220947
18,mfeat-morphological,hydra,2000,6,972,5,ok,,0.11507348623126745,0.053461017087101936,0.9624843597412109
18,mfeat-morphological,hybrid_8l,2000,6,972,5,ok,,0.09717681258916855,0.03457833454012871,0.9652762413024902
18,mfeat-morphological,tabpfn,2000,6,972,5,ok,,0.10852286592125893,0.046977183781564236,0.965533971786499
18,mfeat-morphological,hybrid_8l,2000,6,972,6,ok,,0.09551443252712488,0.03456135280430317,0.9598772525787354
18,mfeat-morphological,tabpfn,2000,6,972,6,ok,,0.10947434976696968,0.046766724437475204,0.9602025151252747
18,mfeat-morphological,hydra,2000,6,972,6,ok,,0.13049596175551414,0.053590753115713596,0.953650712966919
18,mfeat-morphological,tabpfn,2000,6,972,7,ok,,0.12436875514686108,0.04690761212259531,0.9644414782524109
18,mfeat-morphological,hybrid_8l,2000,6,972,7,ok,,0.11018475517630577,0.034594916738569736,0.9649432301521301
18,mfeat-morphological,hydra,2000,6,972,7,ok,,0.11366831418126822,0.05345492623746395,0.9582725167274475
18,mfeat-morphological,tabpfn,2000,6,972,8,ok,,0.10739721357822418,0.046786422841250896,0.9674108028411865
18,mfeat-morphological,hybrid_8l,2000,6,972,8,ok,,0.09401417151093483,0.03457847610116005,0.9673953652381897
18,mfeat-morphological,hydra,2000,6,972,8,ok,,0.11425159871578217,0.053427863866090775,0.9599500894546509
18,mfeat-morphological,hybrid_8l,2000,6,972,9,ok,,0.0948769859969616,0.0345771424472332,0.9679333567619324
18,mfeat-morphological,tabpfn,2000,6,972,9,ok,,0.10810587648302317,0.046763588674366474,0.9684802293777466
18,mfeat-morphological,hydra,2000,6,972,9,ok,,0.1186832245439291,0.05355038587003946,0.9597270488739014
18,mfeat-morphological,tabpfn,2000,6,972,10,ok,,0.10815621167421341,0.04686352889984846,0.9631131291389465
18,mfeat-morphological,hydra,2000,6,972,10,ok,,0.11404498759657145,0.05347056593745947,0.9562376141548157
18,mfeat-morphological,hybrid_8l,2000,6,972,10,ok,,0.09444655012339354,0.034561604261398315,0.9617202877998352
22,mfeat-zernike,tabpfn,2000,47,972,1,ok,,0.25404082611203194,0.04689732287079096,0.9807880520820618
22,mfeat-zernike,hybrid_8l,2000,47,972,1,ok,,0.23990541882812977,0.034548498690128326,0.9785817265510559
22,mfeat-zernike,hydra,2000,47,972,1,ok,,0.27233092579990625,0.05355542525649071,0.959888756275177
22,mfeat-zernike,hybrid_8l,2000,47,972,2,ok,,0.24098320119082928,0.034577904269099236,0.9822232723236084
22,mfeat-zernike,hydra,2000,47,972,2,ok,,0.2599696386605501,0.05344223137944937,0.9669663310050964
22,mfeat-zernike,tabpfn,2000,47,972,2,ok,,0.28175979759544134,0.046933019533753395,0.9839026927947998
22,mfeat-zernike,hydra,2000,47,972,3,ok,,0.2832551905885339,0.05354329198598862,0.9645730257034302
22,mfeat-zernike,tabpfn,2000,47,972,3,ok,,0.31481609027832747,0.05613060388714075,0.9811184406280518
22,mfeat-zernike,hybrid_8l,2000,47,972,3,ok,,0.25045929197221994,0.041471824049949646,0.9789596796035767
22,mfeat-zernike,tabpfn,2000,47,972,4,ok,,0.28604152891784906,0.056632054038345814,0.9846197962760925
22,mfeat-zernike,hydra,2000,47,972,4,ok,,0.2761645680293441,0.06381957046687603,0.9780209064483643
22,mfeat-zernike,hybrid_8l,2000,47,972,4,ok,,0.2546657510101795,0.041281755082309246,0.9829148054122925
22,mfeat-zernike,tabpfn,2000,47,972,5,ok,,0.2707275580614805,0.056281380355358124,0.9824225306510925
22,mfeat-zernike,hybrid_8l,2000,47,972,5,ok,,0.2540120417252183,0.0413564657792449,0.9810996651649475
22,mfeat-zernike,hydra,2000,47,972,5,ok,,0.2757869428023696,0.06382232531905174,0.9646866321563721
22,mfeat-zernike,tabpfn,2000,47,972,6,ok,,0.28016751166433096,0.05607180297374725,0.9833492040634155
22,mfeat-zernike,hydra,2000,47,972,6,ok,,0.27556901052594185,0.06400325894355774,0.9722782969474792
22,mfeat-zernike,hybrid_8l,2000,47,972,6,ok,,0.2509915605187416,0.04131164122372866,0.9814684987068176
22,mfeat-zernike,hydra,2000,47,972,7,ok,,0.2690032320097089,0.06408251728862524,0.9689441323280334
22,mfeat-zernike,tabpfn,2000,47,972,7,ok,,0.2619213368743658,0.056299845688045025,0.9804927706718445
22,mfeat-zernike,hybrid_8l,2000,47,972,7,ok,,0.24715154618024826,0.04132354259490967,0.9792435765266418
22,mfeat-zernike,tabpfn,2000,47,972,8,ok,,0.2689530262723565,0.05601045675575733,0.9834871888160706
22,mfeat-zernike,hybrid_8l,2000,47,972,8,ok,,0.24975476693361998,0.04132163990288973,0.9813162684440613
22,mfeat-zernike,hydra,2000,47,972,8,ok,,0.2945202626287937,0.06405161041766405,0.9673919677734375
22,mfeat-zernike,hybrid_8l,2000,47,972,9,ok,,0.253234488889575,0.04130578972399235,0.9807518124580383
22,mfeat-zernike,hydra,2000,47,972,9,ok,,0.2753780372440815,0.06382695399224758,0.965776801109314
22,mfeat-zernike,tabpfn,2000,47,972,9,ok,,0.2758399425074458,0.056177482940256596,0.9818105101585388
22,mfeat-zernike,tabpfn,2000,47,972,10,ok,,0.2702844077721238,0.056055761873722076,0.980429470539093
22,mfeat-zernike,hybrid_8l,2000,47,972,10,ok,,0.2511573750525713,0.04131461586803198,0.9800483584403992
22,mfeat-zernike,hydra,2000,47,972,10,ok,,0.27666326332837343,0.06383082084357738,0.9712713360786438
23,cmc,tabpfn,1473,9,972,1,ok,,0.0992070073261857,0.03746658656746149,0.701123058795929
23,cmc,hybrid_8l,1473,9,972,1,ok,,0.08395459409803152,0.026401305571198463,0.6954519152641296
23,cmc,hydra,1473,9,972,1,ok,,0.08547459449619055,0.039542640559375286,0.6866907477378845
23,cmc,hydra,1473,9,972,2,ok,,0.08389431051909924,0.03957218583673239,0.6782618761062622
23,cmc,tabpfn,1473,9,972,2,ok,,0.08140580449253321,0.03697140887379646,0.7031378149986267
23,cmc,hybrid_8l,1473,9,972,2,ok,,0.06555742211639881,0.021966133266687393,0.7020114660263062
23,cmc,hydra,1473,9,972,3,ok,,0.07747501879930496,0.033356801606714725,0.6708436012268066
23,cmc,tabpfn,1473,9,972,3,ok,,0.07481508981436491,0.03090799320489168,0.7065351009368896
23,cmc,hybrid_8l,1473,9,972,3,ok,,0.06480148993432522,0.021955803968012333,0.6997268795967102
23,cmc,hybrid_8l,1473,9,972,4,ok,,0.06313375197350979,0.02197791449725628,0.7113727927207947
23,cmc,hydra,1473,9,972,4,ok,,0.07525507360696793,0.033054779283702374,0.7040484547615051
23,cmc,tabpfn,1473,9,972,4,ok,,0.11845414992421865,0.03114933893084526,0.7171720266342163
23,cmc,tabpfn,1473,9,972,5,ok,,0.07766068167984486,0.031008192338049412,0.7290870547294617
23,cmc,hybrid_8l,1473,9,972,5,ok,,0.07026839721947908,0.021999134682118893,0.7199289202690125
23,cmc,hydra,1473,9,972,5,ok,,0.07802588306367397,0.033090257085859776,0.7035768628120422
23,cmc,hybrid_8l,1473,9,972,6,ok,,0.06743272487074137,0.02196622360497713,0.6813735365867615
23,cmc,hydra,1473,9,972,6,ok,,0.0769167123362422,0.033067052252590656,0.6648377180099487
23,cmc,tabpfn,1473,9,972,6,ok,,0.07475287187844515,0.031020324677228928,0.6867074966430664
23,cmc,tabpfn,1473,9,972,7,ok,,0.07515736855566502,0.03085900004953146,0.7052667737007141
23,cmc,hydra,1473,9,972,7,ok,,0.08584078680723906,0.03311975300312042,0.6849597692489624
23,cmc,hybrid_8l,1473,9,972,7,ok,,0.06598428077995777,0.02196325734257698,0.687851071357727
23,cmc,hybrid_8l,1473,9,972,8,ok,,0.06479947734624147,0.022047577425837517,0.7174183130264282
23,cmc,hydra,1473,9,972,8,ok,,0.07659974042326212,0.03307388536632061,0.7130933403968811
23,cmc,tabpfn,1473,9,972,8,ok,,0.12796039879322052,0.03120226040482521,0.710403323173523
23,cmc,hydra,1473,9,972,9,ok,,0.07710612006485462,0.03306583967059851,0.6917566657066345
23,cmc,tabpfn,1473,9,972,9,ok,,0.07371544744819403,0.03085911925882101,0.7323039174079895
23,cmc,hybrid_8l,1473,9,972,9,ok,,0.0640065548941493,0.021953348070383072,0.7249045968055725
23,cmc,hybrid_8l,1473,9,972,10,ok,,0.06228140648454428,0.022096330299973488,0.7274576425552368
23,cmc,tabpfn,1473,9,972,10,ok,,0.07145509496331215,0.030815687030553818,0.7314443588256836
23,cmc,hydra,1473,9,972,10,ok,,0.07447986491024494,0.033041633665561676,0.7331073880195618
29,credit-approval,tabpfn,653,15,972,1,ok,,0.07618371304124594,0.016351355239748955,0.9488513469696045
29,credit-approval,hydra,653,15,972,1,ok,,0.0763788828626275,0.016589918173849583,0.9469241499900818
29,credit-approval,hybrid_8l,653,15,972,1,ok,,0.07089398242533207,0.01196069736033678,0.9405257701873779
29,credit-approval,hydra,653,15,972,2,ok,,0.09911064617335796,0.016787822358310223,0.9343891143798828
29,credit-approval,hybrid_8l,653,15,972,2,ok,,0.0713916951790452,0.011669737286865711,0.9307692050933838
29,credit-approval,tabpfn,653,15,972,2,ok,,0.0961871175095439,0.016949579119682312,0.939894437789917
29,credit-approval,hydra,653,15,972,3,ok,,0.07751632761210203,0.01658305525779724,0.9152971506118774
29,credit-approval,hybrid_8l,653,15,972,3,ok,,0.07434875704348087,0.011861471459269524,0.9202840924263
29,credit-approval,tabpfn,653,15,972,3,ok,,0.07327286899089813,0.016337250359356403,0.9222486615180969
29,credit-approval,tabpfn,653,15,972,4,ok,,0.07227367535233498,0.0163484001532197,0.9315978288650513
29,credit-approval,hybrid_8l,653,15,972,4,ok,,0.06680829171091318,0.011587992310523987,0.9256366491317749
29,credit-approval,hydra,653,15,972,4,ok,,0.07233088370412588,0.016659248620271683,0.927523136138916
29,credit-approval,hybrid_8l,653,15,972,5,ok,,0.06982745137065649,0.011493553407490253,0.9350243210792542
29,credit-approval,hydra,653,15,972,5,ok,,0.07422059308737516,0.016264240257441998,0.930614709854126
29,credit-approval,tabpfn,653,15,972,5,ok,,0.07342847250401974,0.016444843262434006,0.9346097111701965
29,credit-approval,tabpfn,653,15,972,6,ok,,0.07361320219933987,0.016363058239221573,0.9628522396087646
29,credit-approval,hybrid_8l,653,15,972,6,ok,,0.06818929873406887,0.011634300462901592,0.9439908266067505
29,credit-approval,hydra,653,15,972,6,ok,,0.07375486101955175,0.016200659796595573,0.9661874771118164
29,credit-approval,hybrid_8l,653,15,972,7,ok,,0.09958209842443466,0.01221876684576273,0.8939834833145142
29,credit-approval,hydra,653,15,972,7,ok,,0.07794027961790562,0.019545235671103,0.9059629440307617
29,credit-approval,tabpfn,653,15,972,7,ok,,0.07444985955953598,0.01637090276926756,0.9020208120346069
29,credit-approval,tabpfn,653,15,972,8,ok,,0.07431535422801971,0.01651006657630205,0.9201708436012268
29,credit-approval,hybrid_8l,653,15,972,8,ok,,0.07087174989283085,0.013709872029721737,0.9182856678962708
29,credit-approval,hydra,653,15,972,8,ok,,0.07777460757642984,0.019263423047959805,0.917323887348175
29,credit-approval,hydra,653,15,972,9,ok,,0.07628113776445389,0.01933939754962921,0.9142693877220154
29,credit-approval,hybrid_8l,653,15,972,9,ok,,0.07019614055752754,0.013738035224378109,0.9146122932434082
29,credit-approval,tabpfn,653,15,972,9,ok,,0.07716151513159275,0.01995895989239216,0.9226138591766357
29,credit-approval,hybrid_8l,653,15,972,10,ok,,0.0717231621965766,0.013696616515517235,0.9436518549919128
29,credit-approval,tabpfn,653,15,972,10,ok,,0.08049861714243889,0.020096750929951668,0.9500851631164551
29,credit-approval,hydra,653,15,972,10,ok,,0.0791574465110898,0.019384833052754402,0.9481930136680603
31,credit-g,hydra,1000,20,972,1,ok,,0.12018431723117828,0.027492492459714413,0.7867456078529358
31,credit-g,hybrid_8l,1000,20,972,1,ok,,0.10018852818757296,0.019190865568816662,0.7922534942626953
31,credit-g,tabpfn,1000,20,972,1,ok,,0.10886423382908106,0.027499554678797722,0.79292231798172
31,credit-g,hybrid_8l,1000,20,972,2,ok,,0.09806503541767597,0.018988503143191338,0.7905789017677307
31,credit-g,tabpfn,1000,20,972,2,ok,,0.10741749126464128,0.027465730905532837,0.7854537963867188
31,credit-g,hydra,1000,20,972,2,ok,,0.10660900082439184,0.027309986762702465,0.7776412963867188
31,credit-g,hydra,1000,20,972,3,ok,,0.10596583224833012,0.027295508421957493,0.7643219232559204
31,credit-g,hybrid_8l,1000,20,972,3,ok,,0.09853708930313587,0.019015131518244743,0.7788193225860596
31,credit-g,tabpfn,1000,20,972,3,ok,,0.10758771561086178,0.027483816258609295,0.7814569473266602
31,credit-g,hybrid_8l,1000,20,972,4,ok,,0.0976243307814002,0.019270656630396843,0.7884290814399719
31,credit-g,hydra,1000,20,972,4,ok,,0.10717993322759867,0.027489736676216125,0.7906557321548462
31,credit-g,tabpfn,1000,20,972,4,ok,,0.10729219578206539,0.027523030526936054,0.7924792766571045
31,credit-g,hydra,1000,20,972,5,ok,,0.10693569015711546,0.027337078005075455,0.784448504447937
31,credit-g,hybrid_8l,1000,20,972,5,ok,,0.09724158514291048,0.01899902243167162,0.7963786721229553
31,credit-g,tabpfn,1000,20,972,5,ok,,0.10666917450726032,0.02750068809837103,0.7957169413566589
31,credit-g,tabpfn,1000,20,972,6,ok,,0.10518398135900497,0.02745675388723612,0.7738771438598633
31,credit-g,hydra,1000,20,972,6,ok,,0.10604572389274836,0.027296080254018307,0.7542400360107422
31,credit-g,hybrid_8l,1000,20,972,6,ok,,0.09718559961766005,0.019165396690368652,0.774699330329895
31,credit-g,tabpfn,1000,20,972,7,ok,,0.10921589005738497,0.02805757150053978,0.8043985366821289
31,credit-g,hybrid_8l,1000,20,972,7,ok,,0.09893948212265968,0.0193850826472044,0.8014383316040039
31,credit-g,hydra,1000,20,972,7,ok,,0.10572666954249144,0.027318372391164303,0.7898442149162292
31,credit-g,hybrid_8l,1000,20,972,8,ok,,0.097260900773108,0.01901229750365019,0.8022066354751587
31,credit-g,tabpfn,1000,20,972,8,ok,,0.10791776981204748,0.0275051761418581,0.8041701912879944
31,credit-g,hydra,1000,20,972,8,ok,,0.11922104377299547,0.027339963242411613,0.7916035652160645
31,credit-g,hydra,1000,20,972,9,ok,,0.10772257018834352,0.027323261834681034,0.7724645137786865
31,credit-g,tabpfn,1000,20,972,9,ok,,0.11071361601352692,0.027596439234912395,0.7851887941360474
31,credit-g,hybrid_8l,1000,20,972,9,ok,,0.10162820480763912,0.01909794006496668,0.7879100441932678
31,credit-g,hybrid_8l,1000,20,972,10,ok,,0.10454675368964672,0.019215903244912624,0.8089649677276611
31,credit-g,hydra,1000,20,972,10,ok,,0.10764940176159143,0.027517889626324177,0.7862827777862549
31,credit-g,tabpfn,1000,20,972,10,ok,,0.10635657329112291,0.02753634564578533,0.8049372434616089
37,diabetes,hydra,768,8,972,1,ok,,0.05729702394455671,0.02168246451765299,0.8248808979988098
37,diabetes,hybrid_8l,768,8,972,1,ok,,0.05014829058200121,0.014916697517037392,0.8109517097473145
37,diabetes,tabpfn,768,8,972,1,ok,,0.057351818308234215,0.021230489015579224,0.8213162422180176
37,diabetes,hybrid_8l,768,8,972,2,ok,,0.05202098935842514,0.014974929392337799,0.8336457014083862
37,diabetes,hydra,768,8,972,2,ok,,0.05936655402183533,0.021612193435430527,0.8541722297668457
37,diabetes,tabpfn,768,8,972,2,ok,,0.05897925142198801,0.021243863739073277,0.8464078307151794
37,diabetes,tabpfn,768,8,972,3,ok,,0.05583147797733545,0.02134487684816122,0.8479437232017517
37,diabetes,hydra,768,8,972,3,ok,,0.055959390476346016,0.02160467952489853,0.8457491397857666
37,diabetes,hybrid_8l,768,8,972,3,ok,,0.049668933264911175,0.014915705658495426,0.8317700624465942
37,diabetes,tabpfn,768,8,972,4,ok,,0.058205123990774155,0.02138342894613743,0.835486650466919
37,diabetes,hydra,768,8,972,4,ok,,0.058384804986417294,0.02161795273423195,0.8299495577812195
37,diabetes,hybrid_8l,768,8,972,4,ok,,0.06788566336035728,0.015507408417761326,0.8294880986213684
37,diabetes,hydra,768,8,972,5,ok,,0.06130991596728563,0.021771633997559547,0.8556397557258606
37,diabetes,hybrid_8l,768,8,972,5,ok,,0.05540478974580765,0.015280037187039852,0.8350769877433777
37,diabetes,tabpfn,768,8,972,5,ok,,0.06096590403467417,0.0212911544367671,0.8553090691566467
37,diabetes,hydra,768,8,972,6,ok,,0.06150835193693638,0.021742128767073154,0.8241302371025085
37,diabetes,tabpfn,768,8,972,6,ok,,0.06030734721571207,0.021280313841998577,0.827060878276825
37,diabetes,hybrid_8l,768,8,972,6,ok,,0.053113678470253944,0.0149376280605793,0.8160346150398254
37,diabetes,hybrid_8l,768,8,972,7,ok,,0.05173421651124954,0.014895036816596985,0.8180091381072998
37,diabetes,hydra,768,8,972,7,ok,,0.05960089806467295,0.02164439484477043,0.8241674304008484
37,diabetes,tabpfn,768,8,972,7,ok,,0.10058258473873138,0.02126002497971058,0.8331137299537659
37,diabetes,hydra,768,8,972,8,ok,,0.06075193826109171,0.021925777196884155,0.8251101970672607
37,diabetes,hybrid_8l,768,8,972,8,ok,,0.052354540675878525,0.014912750571966171,0.8352941274642944
37,diabetes,tabpfn,768,8,972,8,ok,,0.05993012245744467,0.02125272061675787,0.8272686004638672
37,diabetes,hydra,768,8,972,9,ok,,0.06033043097704649,0.02167983166873455,0.8333882689476013
37,diabetes,hybrid_8l,768,8,972,9,ok,,0.05184719059616327,0.014393806457519531,0.8377317786216736
37,diabetes,tabpfn,768,8,972,9,ok,,0.060973468236625195,0.020673894323408604,0.8415660858154297
37,diabetes,hydra,768,8,972,10,ok,,0.06319452542811632,0.021361147053539753,0.8308932781219482
37,diabetes,tabpfn,768,8,972,10,ok,,0.05759523902088404,0.020695465616881847,0.8239763975143433
37,diabetes,hybrid_8l,768,8,972,10,ok,,0.049933264032006264,0.01442752219736576,0.807475209236145
50,tic-tac-toe,hybrid_8l,958,9,972,1,ok,,0.05700209550559521,0.017449576407670975,0.9690789580345154
50,tic-tac-toe,hydra,958,9,972,1,ok,,0.06555861420929432,0.025070123374462128,0.8214285969734192
50,tic-tac-toe,tabpfn,958,9,972,1,ok,,0.06541558355093002,0.02501852437853813,0.979830801486969
50,tic-tac-toe,hybrid_8l,958,9,972,2,ok,,0.05534003768116236,0.017247162759304047,0.9755481481552124
50,tic-tac-toe,tabpfn,958,9,972,2,ok,,0.06375659070909023,0.02501536812633276,0.9807134866714478
50,tic-tac-toe,hydra,958,9,972,2,ok,,0.06388977356255054,0.0250794505700469,0.7914344072341919
50,tic-tac-toe,hydra,958,9,972,3,ok,,0.06268502119928598,0.02509751357138157,0.7898675799369812
50,tic-tac-toe,tabpfn,958,9,972,3,ok,,0.0637709479779005,0.02506459318101406,0.9673097729682922
50,tic-tac-toe,hybrid_8l,958,9,972,3,ok,,0.054662243463099,0.01726966630667448,0.9678456783294678
50,tic-tac-toe,hybrid_8l,958,9,972,4,ok,,0.05782501399517059,0.017284453846514225,0.9664528965950012
50,tic-tac-toe,tabpfn,958,9,972,4,ok,,0.06587175838649273,0.02501414716243744,0.9663028717041016
50,tic-tac-toe,hydra,958,9,972,4,ok,,0.06580663472414017,0.02507368940860033,0.7952294945716858
50,tic-tac-toe,tabpfn,958,9,972,5,ok,,0.0654304726049304,0.0250616567209363,0.9813966751098633
50,tic-tac-toe,hydra,958,9,972,5,ok,,0.07361937500536442,0.02521379478275776,0.7973556518554688
50,tic-tac-toe,hybrid_8l,958,9,972,5,ok,,0.05763719789683819,0.017453383654356003,0.9723463654518127
50,tic-tac-toe,hydra,958,9,972,6,ok,,0.0670927008613944,0.025073238648474216,0.7914334535598755
50,tic-tac-toe,hybrid_8l,958,9,972,6,ok,,0.058270267210900784,0.01725386641919613,0.9826384782791138
50,tic-tac-toe,tabpfn,958,9,972,6,ok,,0.06703640427440405,0.025036719627678394,0.9858556985855103
50,tic-tac-toe,tabpfn,958,9,972,7,ok,,0.06465161591768265,0.025082437321543694,0.9682410359382629
50,tic-tac-toe,hybrid_8l,958,9,972,7,ok,,0.05600581876933575,0.0172372842207551,0.9506476521492004
50,tic-tac-toe,hydra,958,9,972,7,ok,,0.06581125315278769,0.0251010125502944,0.804901123046875
50,tic-tac-toe,tabpfn,958,9,972,8,ok,,0.06448354851454496,0.025097675621509552,0.9531404376029968
50,tic-tac-toe,hydra,958,9,972,8,ok,,0.06385058909654617,0.02490003127604723,0.8048720359802246
50,tic-tac-toe,hybrid_8l,958,9,972,8,ok,,0.05583007540553808,0.01705427747219801,0.9358339309692383
50,tic-tac-toe,tabpfn,958,9,972,9,ok,,0.06532010342925787,0.024734617210924625,0.9729755520820618
50,tic-tac-toe,hybrid_8l,958,9,972,9,ok,,0.05668704770505428,0.017066901549696922,0.9649268984794617
50,tic-tac-toe,hydra,958,9,972,9,ok,,0.08116177283227444,0.025172206573188305,0.8128929734230042
50,tic-tac-toe,hydra,958,9,972,10,ok,,0.0668279891833663,0.02479709591716528,0.8015531897544861
50,tic-tac-toe,tabpfn,958,9,972,10,ok,,0.06690599676221609,0.024777608923614025,0.9696734547615051
50,tic-tac-toe,hybrid_8l,958,9,972,10,ok,,0.05761085730046034,0.01709787081927061,0.9595579504966736
54,vehicle,hydra,846,18,972,1,ok,,0.11755616869777441,0.042187150567770004,0.9270367622375488
54,vehicle,hybrid_8l,846,18,972,1,ok,,0.10204054601490498,0.027677372097969055,0.9561764597892761
54,vehicle,tabpfn,846,18,972,1,ok,,0.11272038798779249,0.03861125651746988,0.9591176509857178
54,vehicle,hybrid_8l,846,18,972,2,ok,,0.1032093595713377,0.02764800749719143,0.9517263770103455
54,vehicle,hydra,846,18,972,2,ok,,0.1178290257230401,0.04213289637118578,0.9316560626029968
54,vehicle,tabpfn,846,18,972,2,ok,,0.1200150977820158,0.03868063725531101,0.9552718997001648
54,vehicle,tabpfn,846,18,972,3,ok,,0.11987569462507963,0.03868079651147127,0.961459219455719
54,vehicle,hydra,846,18,972,3,ok,,0.11952108237892389,0.0423268536105752,0.92620450258255
54,vehicle,hybrid_8l,846,18,972,3,ok,,0.10834603197872639,0.02765783667564392,0.9502933621406555
54,vehicle,tabpfn,846,18,972,4,ok,,0.11490828264504671,0.03863103222101927,0.9565224051475525
54,vehicle,hybrid_8l,846,18,972,4,ok,,0.14247740991413593,0.028933532536029816,0.9486177563667297
54,vehicle,hydra,846,18,972,4,ok,,0.12031998578459024,0.04413307551294565,0.9323957562446594
54,vehicle,tabpfn,846,18,972,5,ok,,0.1170963179320097,0.04049361217767,0.9536774754524231
54,vehicle,hybrid_8l,846,18,972,5,ok,,0.10471764672547579,0.02891971543431282,0.9402631521224976
54,vehicle,hydra,846,18,972,5,ok,,0.16726986691355705,0.04435556847602129,0.9165966510772705
54,vehicle,hybrid_8l,846,18,972,6,ok,,0.10646857414394617,0.029014434665441513,0.9526637196540833
54,vehicle,tabpfn,846,18,972,6,ok,,0.11704448983073235,0.04038606770336628,0.9573348164558411
54,vehicle,hydra,846,18,972,6,ok,,0.12064982950687408,0.04412258695811033,0.9275082945823669
54,vehicle,hydra,846,18,972,7,ok,,0.12009604088962078,0.043958005495369434,0.9212686419487
54,vehicle,tabpfn,846,18,972,7,ok,,0.12227798532694578,0.03906757012009621,0.9517839550971985
54,vehicle,hybrid_8l,846,18,972,7,ok,,0.10411085840314627,0.028174173086881638,0.9435645937919617
54,vehicle,tabpfn,846,18,972,8,ok,,0.1815217062830925,0.03932628966867924,0.965661883354187
54,vehicle,hybrid_8l,846,18,972,8,ok,,0.10496139898896217,0.028111323714256287,0.9583714604377747
54,vehicle,hydra,846,18,972,8,ok,,0.11902859900146723,0.042837521992623806,0.930968165397644
54,vehicle,tabpfn,846,18,972,9,ok,,0.11278168391436338,0.039159865118563175,0.9591279029846191
54,vehicle,hybrid_8l,846,18,972,9,ok,,0.10516445338726044,0.02840211521834135,0.9460337162017822
54,vehicle,hydra,846,18,972,9,ok,,0.11948340013623238,0.04266315046697855,0.9238585233688354
54,vehicle,tabpfn,846,18,972,10,ok,,0.1140597453340888,0.03902033995836973,0.9625819325447083
54,vehicle,hydra,846,18,972,10,ok,,0.11782067082822323,0.04264303296804428,0.9383976459503174
54,vehicle,hybrid_8l,846,18,972,10,ok,,0.12867773789912462,0.028086666949093342,0.9551887512207031
188,eucalyptus,hybrid_8l,641,19,972,1,ok,,0.11917346250265837,0.02628139778971672,0.9106759428977966
188,eucalyptus,tabpfn,641,19,972,1,ok,,0.11407838016748428,0.03624474350363016,0.9160637855529785
188,eucalyptus,hydra,641,19,972,1,ok,,0.1186970304697752,0.040303041227161884,0.9020074009895325
188,eucalyptus,hybrid_8l,641,19,972,2,ok,,0.10200700256973505,0.02623136341571808,0.9190394282341003
188,eucalyptus,tabpfn,641,19,972,2,ok,,0.11303085554391146,0.036106049083173275,0.919638454914093
188,eucalyptus,hydra,641,19,972,2,ok,,0.11704594269394875,0.040137466974556446,0.9035888910293579
188,eucalyptus,hydra,641,19,972,3,ok,,0.11899524554610252,0.040306988172233105,0.9068775773048401
188,eucalyptus,hybrid_8l,641,19,972,3,ok,,0.10546851996332407,0.026215923950076103,0.9175295829772949
188,eucalyptus,tabpfn,641,19,972,3,ok,,0.14207813329994678,0.03637462854385376,0.9235729575157166
188,eucalyptus,hybrid_8l,641,19,972,4,ok,,0.10658654756844044,0.026180757209658623,0.9154658317565918
188,eucalyptus,tabpfn,641,19,972,4,ok,,0.11565344501286745,0.03619622066617012,0.9144350290298462
188,eucalyptus,hydra,641,19,972,4,ok,,0.11997212562710047,0.04027595929801464,0.8931503891944885
188,eucalyptus,hydra,641,19,972,5,ok,,0.11865483969449997,0.04012443218380213,0.8906093835830688
188,eucalyptus,hybrid_8l,641,19,972,5,ok,,0.10281720850616693,0.02611912041902542,0.894574761390686
188,eucalyptus,tabpfn,641,19,972,5,ok,,0.11426732782274485,0.03779029008001089,0.9000552296638489
188,eucalyptus,hydra,641,19,972,6,ok,,0.11920908093452454,0.04228135757148266,0.9011091589927673
188,eucalyptus,hybrid_8l,641,19,972,6,ok,,0.11065557692199945,0.02639667596668005,0.9143101572990417
188,eucalyptus,tabpfn,641,19,972,6,ok,,0.11269066203385592,0.03620096016675234,0.9126649498939514
188,eucalyptus,tabpfn,641,19,972,7,ok,,0.11258160416036844,0.03612848278135061,0.922406017780304
188,eucalyptus,hydra,641,19,972,7,ok,,0.11804825160652399,0.04023220669478178,0.9037696123123169
188,eucalyptus,hybrid_8l,641,19,972,7,ok,,0.10229055117815733,0.026143276132643223,0.9120956063270569
188,eucalyptus,tabpfn,641,19,972,8,ok,,0.1130232522264123,0.036059982143342495,0.9088263511657715
188,eucalyptus,hybrid_8l,641,19,972,8,ok,,0.1026521846652031,0.026162742637097836,0.9038116335868835
188,eucalyptus,hydra,641,19,972,8,ok,,0.11721371952444315,0.04019444528967142,0.9023101925849915
188,eucalyptus,hydra,641,19,972,9,ok,,0.11671505495905876,0.04037318378686905,0.9064169526100159
188,eucalyptus,tabpfn,641,19,972,9,ok,,0.11216764152050018,0.03412121906876564,0.9198086261749268
188,eucalyptus,hybrid_8l,641,19,972,9,ok,,0.10092146601527929,0.024864342994987965,0.9185296893119812
188,eucalyptus,hydra,641,19,972,10,ok,,0.11659212317317724,0.03811808116734028,0.9027701020240784
188,eucalyptus,tabpfn,641,19,972,10,ok,,0.11253357492387295,0.03410290461033583,0.909781277179718
188,eucalyptus,hybrid_8l,641,19,972,10,ok,,0.1018281439319253,0.024744555354118347,0.9032989740371704
458,analcatdata_authorship,hybrid_8l,841,70,972,1,ok,,0.2759666331112385,0.025987591594457626,1.0
458,analcatdata_authorship,tabpfn,841,70,972,1,ok,,0.28882648423314095,0.036686208099126816,1.0
458,analcatdata_authorship,hydra,841,70,972,1,ok,,0.29231398180127144,0.03937480226159096,1.0
458,analcatdata_authorship,hydra,841,70,972,2,ok,,0.2914777882397175,0.039331620559096336,0.999993085861206
458,analcatdata_authorship,tabpfn,841,70,972,2,ok,,0.29389680083841085,0.04054386727511883,1.0
458,analcatdata_authorship,hybrid_8l,841,70,972,2,ok,,0.28306785598397255,0.028695952147245407,1.0
458,analcatdata_authorship,tabpfn,841,70,972,3,ok,,0.29321164265275,0.04060854949057102,0.999984860420227
458,analcatdata_authorship,hydra,841,70,972,3,ok,,0.300108278170228,0.043807659298181534,0.9996320009231567
458,analcatdata_authorship,hybrid_8l,841,70,972,3,ok,,0.2857698639854789,0.028675262816250324,0.999984860420227
458,analcatdata_authorship,hydra,841,70,972,4,ok,,0.29872995615005493,0.04349506739526987,0.9999876022338867
458,analcatdata_authorship,tabpfn,841,70,972,4,ok,,0.29892115853726864,0.04064620099961758,1.0
458,analcatdata_authorship,hybrid_8l,841,70,972,4,ok,,0.28419954888522625,0.02903273981064558,1.0
458,analcatdata_authorship,hybrid_8l,841,70,972,5,ok,,0.2871750667691231,0.028675793670117855,1.0
458,analcatdata_authorship,hydra,841,70,972,5,ok,,0.3014757679775357,0.04358372464776039,0.999954879283905
458,analcatdata_authorship,tabpfn,841,70,972,5,ok,,0.3825368098914623,0.040573231875896454,0.9999935030937195
458,analcatdata_authorship,hybrid_8l,841,70,972,6,ok,,0.28608811739832163,0.028938290663063526,1.0
458,analcatdata_authorship,hydra,841,70,972,6,ok,,0.3366313660517335,0.0437106853350997,1.0
458,analcatdata_authorship,tabpfn,841,70,972,6,ok,,0.29733268916606903,0.04054199252277613,1.0
458,analcatdata_authorship,hydra,841,70,972,7,ok,,0.3067746963351965,0.04353671707212925,0.9998313188552856
458,analcatdata_authorship,hybrid_8l,841,70,972,7,ok,,0.374164380133152,0.028973838314414024,0.9999569058418274
458,analcatdata_authorship,tabpfn,841,70,972,7,ok,,0.3187490003183484,0.04064223263412714,0.999992847442627
458,analcatdata_authorship,hydra,841,70,972,8,ok,,0.2961558699607849,0.04368574917316437,0.9999098181724548
458,analcatdata_authorship,tabpfn,841,70,972,8,ok,,0.30608908645808697,0.0406161742284894,0.999993085861206
458,analcatdata_authorship,hybrid_8l,841,70,972,8,ok,,0.2820048127323389,0.028885730542242527,1.0
458,analcatdata_authorship,hydra,841,70,972,9,ok,,0.302236239425838,0.043501779437065125,0.9999040365219116
458,analcatdata_authorship,hybrid_8l,841,70,972,9,ok,,0.2974131414666772,0.02889289427548647,0.999984860420227
458,analcatdata_authorship,tabpfn,841,70,972,9,ok,,0.3009947966784239,0.04053245484828949,0.999984860420227
458,analcatdata_authorship,tabpfn,841,70,972,10,ok,,0.2954200655221939,0.04047655873000622,1.0
458,analcatdata_authorship,hybrid_8l,841,70,972,10,ok,,0.2809936460107565,0.028694759123027325,1.0
458,analcatdata_authorship,hydra,841,70,972,10,ok,,0.29896838776767254,0.043853556737303734,0.9999319314956665
469,analcatdata_dmft,hybrid_8l,797,4,972,1,ok,,0.06810472812503576,0.03389771655201912,0.5852188467979431
469,analcatdata_dmft,tabpfn,797,4,972,1,ok,,0.0805671475827694,0.04601851850748062,0.5784197449684143
469,analcatdata_dmft,hydra,797,4,972,1,ok,,0.08456438966095448,0.05035700649023056,0.5566442608833313
469,analcatdata_dmft,hybrid_8l,797,4,972,2,ok,,0.06756060756742954,0.03310790937393904,0.5948212146759033
469,analcatdata_dmft,hydra,797,4,972,2,ok,,0.07846847176551819,0.043344792909920216,0.5803523063659668
469,analcatdata_dmft,tabpfn,797,4,972,2,ok,,0.07504412531852722,0.03933321312069893,0.580539345741272
469,analcatdata_dmft,tabpfn,797,4,972,3,ok,,0.07320452947169542,0.039342962205410004,0.5788693428039551
469,analcatdata_dmft,hydra,797,4,972,3,ok,,0.0773007683455944,0.043175771832466125,0.5845810174942017
469,analcatdata_dmft,hybrid_8l,797,4,972,3,ok,,0.06260844599455595,0.028311774134635925,0.5881410837173462
469,analcatdata_dmft,hybrid_8l,797,4,972,4,ok,,0.06700200960040092,0.02855048608034849,0.5750206112861633
469,analcatdata_dmft,hydra,797,4,972,4,ok,,0.08020463958382607,0.043247357942163944,0.5451355576515198
469,analcatdata_dmft,tabpfn,797,4,972,4,ok,,0.07557276636362076,0.039257620461285114,0.5597556829452515
469,analcatdata_dmft,hydra,797,4,972,5,ok,,0.07827452477067709,0.04333018511533737,0.5643720626831055
469,analcatdata_dmft,tabpfn,797,4,972,5,ok,,0.07459467276930809,0.03917726781219244,0.5796971321105957
469,analcatdata_dmft,hybrid_8l,797,4,972,5,ok,,0.06296466942876577,0.0283071156591177,0.5955395102500916
469,analcatdata_dmft,hybrid_8l,797,4,972,6,ok,,0.062137965112924576,0.02832676377147436,0.582012951374054
469,analcatdata_dmft,hydra,797,4,972,6,ok,,0.07772486191242933,0.043213543482124805,0.5589317083358765
469,analcatdata_dmft,tabpfn,797,4,972,6,ok,,0.07380588818341494,0.039204408414661884,0.5694482326507568
469,analcatdata_dmft,hydra,797,4,972,7,ok,,0.07866471260786057,0.0431999983265996,0.5677204132080078
469,analcatdata_dmft,tabpfn,797,4,972,7,ok,,0.07420426327735186,0.03924095816910267,0.587336003780365
469,analcatdata_dmft,hybrid_8l,797,4,972,7,ok,,0.0628420989960432,0.0286683589220047,0.5926436185836792
469,analcatdata_dmft,hybrid_8l,797,4,972,8,ok,,0.06186765246093273,0.028319769538939,0.5835664868354797
469,analcatdata_dmft,tabpfn,797,4,972,8,ok,,0.07516343053430319,0.039407022297382355,0.5737319588661194
469,analcatdata_dmft,hydra,797,4,972,8,ok,,0.07946074102073908,0.04324387200176716,0.5885673761367798
469,analcatdata_dmft,hydra,797,4,972,9,ok,,0.0772325498983264,0.04328581038862467,0.5663162469863892
469,analcatdata_dmft,tabpfn,797,4,972,9,ok,,0.07254029996693134,0.03915930353105068,0.5679319500923157
469,analcatdata_dmft,hybrid_8l,797,4,972,9,ok,,0.060902695171535015,0.02828039415180683,0.5619604587554932
469,analcatdata_dmft,hybrid_8l,797,4,972,10,ok,,0.06181673612445593,0.028304570354521275,0.5520172119140625
469,analcatdata_dmft,tabpfn,797,4,972,10,ok,,0.07383481319993734,0.03913321532309055,0.5495890974998474
469,analcatdata_dmft,hydra,797,4,972,10,ok,,0.07767355628311634,0.04338810499757528,0.5453935861587524
1049,pc4,tabpfn,1458,37,972,1,ok,,0.19615076947957277,0.022898690775036812,0.9093576669692993
1049,pc4,hydra,1458,37,972,1,ok,,0.168409064412117,0.02321700192987919,0.9021812081336975
1049,pc4,hybrid_8l,1458,37,972,1,ok,,0.23975009378045797,0.01636197604238987,0.9100293517112732
1049,pc4,tabpfn,1458,37,972,2,ok,,0.16713500209152699,0.022878462448716164,0.947900116443634
1049,pc4,hybrid_8l,1458,37,972,2,ok,,0.15952373296022415,0.015920951031148434,0.9418389201164246
1049,pc4,hydra,1458,37,972,2,ok,,0.16954757273197174,0.022995312698185444,0.9259737730026245
1049,pc4,hydra,1458,37,972,3,ok,,0.16902903001755476,0.02296839188784361,0.9174008965492249
1049,pc4,hybrid_8l,1458,37,972,3,ok,,0.16041046380996704,0.016263950616121292,0.9231733083724976
1049,pc4,tabpfn,1458,37,972,3,ok,,0.173779739998281,0.022983570583164692,0.9390095472335815
1049,pc4,tabpfn,1458,37,972,4,ok,,0.16934843454509974,0.027478594332933426,0.929912805557251
1049,pc4,hydra,1458,37,972,4,ok,,0.17081150691956282,0.02752751763910055,0.9052409529685974
1049,pc4,hybrid_8l,1458,37,972,4,ok,,0.1604956639930606,0.019116083160042763,0.9312382340431213
1049,pc4,tabpfn,1458,37,972,5,ok,,0.16768007539212704,0.02796503622084856,0.939146876335144
1049,pc4,hydra,1458,37,972,5,ok,,0.1901077926158905,0.02756595052778721,0.918764054775238
1049,pc4,hybrid_8l,1458,37,972,5,ok,,0.16078686621040106,0.019144748337566853,0.9421008825302124
1049,pc4,hydra,1458,37,972,6,ok,,0.16952601168304682,0.027553115971386433,0.9099574685096741
1049,pc4,hybrid_8l,1458,37,972,6,ok,,0.16077118646353483,0.019200464710593224,0.9278824329376221
1049,pc4,tabpfn,1458,37,972,6,ok,,0.17019202280789614,0.027604443952441216,0.9240468144416809
1049,pc4,hydra,1458,37,972,7,ok,,0.17651100363582373,0.02775751333683729,0.9116923809051514
1049,pc4,hybrid_8l,1458,37,972,7,ok,,0.15692920796573162,0.01914494950324297,0.9344958662986755
1049,pc4,tabpfn,1458,37,972,7,ok,,0.1656678719446063,0.02760740928351879,0.9367953538894653
1049,pc4,hydra,1458,37,972,8,ok,,0.17266050912439823,0.02753068320453167,0.9388579726219177
1049,pc4,tabpfn,1458,37,972,8,ok,,0.1730458289384842,0.027612049132585526,0.94631028175354
1049,pc4,hybrid_8l,1458,37,972,8,ok,,0.16633390355855227,0.01912807673215866,0.9454822540283203
1049,pc4,tabpfn,1458,37,972,9,ok,,0.1831356342881918,0.02775894571095705,0.9121202230453491
1049,pc4,hydra,1458,37,972,9,ok,,0.1763329254463315,0.02753590513020754,0.9030704498291016
1049,pc4,hybrid_8l,1458,37,972,9,ok,,0.16871980391442776,0.019258061423897743,0.9085649847984314
1049,pc4,tabpfn,1458,37,972,10,ok,,0.16655502282083035,0.027655991725623608,0.9280235767364502
1049,pc4,hybrid_8l,1458,37,972,10,ok,,0.15951353311538696,0.019185325130820274,0.9310103058815002
1049,pc4,hydra,1458,37,972,10,ok,,0.2131550321355462,0.02758686989545822,0.9075958728790283
1050,pc3,hydra,1563,37,972,1,ok,,0.16744861472398043,0.0275342408567667,0.8497858643531799
1050,pc3,hybrid_8l,1563,37,972,1,ok,,0.15738428011536598,0.019267580471932888,0.8503279685974121
1050,pc3,tabpfn,1563,37,972,1,ok,,0.16955326311290264,0.027667133137583733,0.8528215885162354
1050,pc3,tabpfn,1563,37,972,2,ok,,0.16749804001301527,0.027603231370449066,0.8394255042076111
1050,pc3,hybrid_8l,1563,37,972,2,ok,,0.15843611303716898,0.019139627926051617,0.8372855186462402
1050,pc3,hydra,1563,37,972,2,ok,,0.1992304129526019,0.02758720051497221,0.8121457695960999
1050,pc3,hybrid_8l,1563,37,972,3,ok,,0.1612210674211383,0.01913733407855034,0.8125558495521545
1050,pc3,tabpfn,1563,37,972,3,ok,,0.17029479704797268,0.027620584703981876,0.8120454549789429
1050,pc3,hydra,1563,37,972,3,ok,,0.1698260297998786,0.027522318065166473,0.7977117300033569
1050,pc3,hydra,1563,37,972,4,ok,,0.1652767714112997,0.027532237581908703,0.7844139933586121
1050,pc3,hybrid_8l,1563,37,972,4,ok,,0.1568892216309905,0.01913584116846323,0.7924802899360657
1050,pc3,tabpfn,1563,37,972,4,ok,,0.16738598700612783,0.027667422778904438,0.7964913845062256
1050,pc3,hydra,1563,37,972,5,ok,,0.16982624027878046,0.02755639236420393,0.83576500415802
1050,pc3,hybrid_8l,1563,37,972,5,ok,,0.16073634009808302,0.01919082459062338,0.8440075516700745
1050,pc3,tabpfn,1563,37,972,5,ok,,0.17233286891132593,0.027630222961306572,0.8180676102638245
1050,pc3,tabpfn,1563,37,972,6,ok,,0.16703099478036165,0.027638617902994156,0.7637392282485962
1050,pc3,hybrid_8l,1563,37,972,6,ok,,0.17602068465203047,0.01928874012082815,0.7580819129943848
1050,pc3,hydra,1563,37,972,6,ok,,0.168648948892951,0.02758046891540289,0.7707435488700867
1050,pc3,hydra,1563,37,972,7,ok,,0.17180585023015738,0.027686518616974354,0.8462303280830383
1050,pc3,tabpfn,1563,37,972,7,ok,,0.1722249547019601,0.02767337393015623,0.8511637449264526
1050,pc3,hybrid_8l,1563,37,972,7,ok,,0.162106997333467,0.019185314886271954,0.8659240007400513
1050,pc3,tabpfn,1563,37,972,8,ok,,0.19341539684683084,0.027635233476758003,0.8249783515930176
1050,pc3,hybrid_8l,1563,37,972,8,ok,,0.16502089705318213,0.01912111323326826,0.8217316269874573
1050,pc3,hydra,1563,37,972,8,ok,,0.17429227102547884,0.027531687170267105,0.8100000023841858
1050,pc3,hybrid_8l,1563,37,972,9,ok,,0.16066293139010668,0.019166870042681694,0.8485367894172668
1050,pc3,tabpfn,1563,37,972,9,ok,,0.16764248348772526,0.027610214427113533,0.8602215647697449
1050,pc3,hydra,1563,37,972,9,ok,,0.16750234831124544,0.027708962559700012,0.8133779168128967
1050,pc3,hydra,1563,37,972,10,ok,,0.1706612827256322,0.027589556761085987,0.7901298403739929
1050,pc3,hybrid_8l,1563,37,972,10,ok,,0.16176075115799904,0.019151932559907436,0.8325108289718628
1050,pc3,tabpfn,1563,37,972,10,ok,,0.16866804659366608,0.0276434775441885,0.8395887613296509
1063,kc2,tabpfn,522,21,972,1,ok,,0.08813891094177961,0.01650368422269821,0.8705213069915771
1063,kc2,hybrid_8l,522,21,972,1,ok,,0.08318843320012093,0.01184233371168375,0.8174407482147217
1063,kc2,hydra,522,21,972,1,ok,,0.08954252023249865,0.016465401276946068,0.8613269925117493
1063,kc2,hybrid_8l,522,21,972,2,ok,,0.08760369755327702,0.011756050400435925,0.7895734310150146
1063,kc2,tabpfn,522,21,972,2,ok,,0.0942485248669982,0.0165207264944911,0.8116587400436401
1063,kc2,hydra,522,21,972,2,ok,,0.09347564075142145,0.016744070686399937,0.8173459768295288
1063,kc2,tabpfn,522,21,972,3,ok,,0.09380113705992699,0.016559520736336708,0.7999656200408936
1063,kc2,hydra,522,21,972,3,ok,,0.09264230262488127,0.016616137698292732,0.7895596623420715
1063,kc2,hybrid_8l,522,21,972,3,ok,,0.0866266768425703,0.011761732399463654,0.7857757210731506
1063,kc2,hydra,522,21,972,4,ok,,0.09329409711062908,0.016473596915602684,0.8682926893234253
1063,kc2,tabpfn,522,21,972,4,ok,,0.09345753584057093,0.01653157826513052,0.8702961802482605
1063,kc2,hybrid_8l,522,21,972,4,ok,,0.08836110215634108,0.011734729632735252,0.8009582161903381
1063,kc2,hydra,522,21,972,5,ok,,0.09113497566431761,0.01643521524965763,0.8131652474403381
1063,kc2,tabpfn,522,21,972,5,ok,,0.09131348505616188,0.016503194347023964,0.8173202872276306
1063,kc2,hybrid_8l,522,21,972,5,ok,,0.0862367870286107,0.01192681398242712,0.7891690135002136
1063,kc2,hydra,522,21,972,6,ok,,0.09240684658288956,0.016545133665204048,0.8650234937667847
1063,kc2,hybrid_8l,522,21,972,6,ok,,0.08606422133743763,0.011705855838954449,0.8450704216957092
1063,kc2,tabpfn,522,21,972,6,ok,,0.09243409801274538,0.01652171928435564,0.8725547790527344
1063,kc2,hybrid_8l,522,21,972,7,ok,,0.08662362955510616,0.01191856898367405,0.8064961433410645
1063,kc2,tabpfn,522,21,972,7,ok,,0.0918259359896183,0.016527799889445305,0.8514906167984009
1063,kc2,hydra,522,21,972,7,ok,,0.09490593150258064,0.01646016351878643,0.8453257083892822
1063,kc2,tabpfn,522,21,972,8,ok,,0.09611609298735857,0.01649551000446081,0.8854976296424866
1063,kc2,hybrid_8l,522,21,972,8,ok,,0.09099762700498104,0.011836512945592403,0.8109004497528076
1063,kc2,hydra,522,21,972,8,ok,,0.0961589040234685,0.016696619801223278,0.8827488422393799
1063,kc2,hybrid_8l,522,21,972,9,ok,,0.14293081872165203,0.012616170570254326,0.8056411147117615
1063,kc2,tabpfn,522,21,972,9,ok,,0.13276694435626268,0.016521879471838474,0.8582499027252197
1063,kc2,hydra,522,21,972,9,ok,,0.09089399967342615,0.0170363737270236,0.8495379090309143
1063,kc2,tabpfn,522,21,972,10,ok,,0.09135187789797783,0.016527178697288036,0.8621870279312134
1063,kc2,hybrid_8l,522,21,972,10,ok,,0.08627207484096289,0.011792589910328388,0.8134781122207642
1063,kc2,hydra,522,21,972,10,ok,,0.09334962256252766,0.016555442474782467,0.8594483733177185
1068,pc1,hydra,1109,21,972,1,ok,,0.13950711209326982,0.027550671249628067,0.8416610956192017
1068,pc1,hybrid_8l,1109,21,972,1,ok,,0.10428117122501135,0.019132194109261036,0.8977903723716736
1068,pc1,tabpfn,1109,21,972,1,ok,,0.11362292803823948,0.027636605314910412,0.8948478698730469
1068,pc1,tabpfn,1109,21,972,2,ok,,0.14147222600877285,0.02764725498855114,0.9239242076873779
1068,pc1,hydra,1109,21,972,2,ok,,0.11168104968965054,0.02753075398504734,0.860058069229126
1068,pc1,hybrid_8l,1109,21,972,2,ok,,0.10434555355459452,0.019162973389029503,0.9227288365364075
1068,pc1,tabpfn,1109,21,972,3,ok,,0.10973991174250841,0.02761261910200119,0.807631254196167
1068,pc1,hybrid_8l,1109,21,972,3,ok,,0.10022806189954281,0.0191531740128994,0.8066643476486206
1068,pc1,hydra,1109,21,972,3,ok,,0.10988533683121204,0.027525183744728565,0.761094868183136
1068,pc1,tabpfn,1109,21,972,4,ok,,0.10988663975149393,0.027607339434325695,0.8523197770118713
1068,pc1,hydra,1109,21,972,4,ok,,0.1099327364936471,0.02752221841365099,0.8387342095375061
1068,pc1,hybrid_8l,1109,21,972,4,ok,,0.10206780768930912,0.019141080789268017,0.8686176538467407
1068,pc1,tabpfn,1109,21,972,5,ok,,0.11386075895279646,0.02763889916241169,0.8794491291046143
1068,pc1,hybrid_8l,1109,21,972,5,ok,,0.10065180622041225,0.019146962091326714,0.8806673884391785
1068,pc1,hydra,1109,21,972,5,ok,,0.10958783514797688,0.027551653794944286,0.8301377296447754
1068,pc1,hybrid_8l,1109,21,972,6,ok,,0.10281442198902369,0.019115843810141087,0.899276852607727
1068,pc1,hydra,1109,21,972,6,ok,,0.11166205257177353,0.027529983781278133,0.8032762408256531
1068,pc1,tabpfn,1109,21,972,6,ok,,0.11199238989502192,0.027643999084830284,0.9090171456336975
1068,pc1,hybrid_8l,1109,21,972,7,ok,,0.10541362594813108,0.019093231298029423,0.8735410571098328
1068,pc1,hydra,1109,21,972,7,ok,,0.11503842007368803,0.0275450823828578,0.8144841194152832
1068,pc1,tabpfn,1109,21,972,7,ok,,0.11419730540364981,0.02764837723225355,0.8773050904273987
1068,pc1,hybrid_8l,1109,21,972,8,ok,,0.1009732848033309,0.01913515944033861,0.8917704224586487
1068,pc1,tabpfn,1109,21,972,8,ok,,0.11057362146675587,0.0276432977989316,0.8892462253570557
1068,pc1,hydra,1109,21,972,8,ok,,0.11041589360684156,0.02753352001309395,0.8264176845550537
1068,pc1,hydra,1109,21,972,9,ok,,0.11192508228123188,0.02753389999270439,0.811904788017273
1068,pc1,tabpfn,1109,21,972,9,ok,,0.11152742803096771,0.0276296716183424,0.8723151087760925
1068,pc1,hybrid_8l,1109,21,972,9,ok,,0.10379628278315067,0.01912323758006096,0.8646402955055237
1068,pc1,hybrid_8l,1109,21,972,10,ok,,0.10570794437080622,0.019118167459964752,0.9008438587188721
1068,pc1,tabpfn,1109,21,972,10,ok,,0.11561642494052649,0.027649158611893654,0.9022873640060425
1068,pc1,hydra,1109,21,972,10,ok,,0.1235755318775773,0.027577403001487255,0.8293359875679016
1462,banknote-authentication,hybrid_8l,1372,4,972,1,ok,,0.04287135507911444,0.01933956705033779,1.0
1462,banknote-authentication,hydra,1372,4,972,1,ok,,0.05185836087912321,0.027540823444724083,1.0
1462,banknote-authentication,tabpfn,1372,4,972,1,ok,,0.05185558646917343,0.027693402022123337,1.0
1462,banknote-authentication,tabpfn,1372,4,972,2,ok,,0.05322771426290274,0.027657054364681244,1.0
1462,banknote-authentication,hybrid_8l,1372,4,972,2,ok,,0.04052414931356907,0.015897655859589577,1.0
1462,banknote-authentication,hydra,1372,4,972,2,ok,,0.04850060027092695,0.02298035379499197,1.0
1462,banknote-authentication,hydra,1372,4,972,3,ok,,0.04772935900837183,0.023124998435378075,1.0
1462,banknote-authentication,tabpfn,1372,4,972,3,ok,,0.04766703024506569,0.02288772724568844,1.0
1462,banknote-authentication,hybrid_8l,1372,4,972,3,ok,,0.0395177835598588,0.015917563810944557,1.0
1462,banknote-authentication,hydra,1372,4,972,4,ok,,0.0485457144677639,0.02293642144650221,1.0
1462,banknote-authentication,hybrid_8l,1372,4,972,4,ok,,0.04053322598338127,0.015904960222542286,1.0
1462,banknote-authentication,tabpfn,1372,4,972,4,ok,,0.049279747530817986,0.022910552099347115,1.0
1462,banknote-authentication,hybrid_8l,1372,4,972,5,ok,,0.03946262877434492,0.01604206021875143,1.0
1462,banknote-authentication,hydra,1372,4,972,5,ok,,0.050777493044734,0.022957971319556236,1.0
1462,banknote-authentication,tabpfn,1372,4,972,5,ok,,0.04784861486405134,0.022899541072547436,1.0
1462,banknote-authentication,hydra,1372,4,972,6,ok,,0.04682025592774153,0.02294291276484728,1.0
1462,banknote-authentication,hybrid_8l,1372,4,972,6,ok,,0.03947465121746063,0.01591952797025442,1.0
1462,banknote-authentication,tabpfn,1372,4,972,6,ok,,0.047111659310758114,0.02285817265510559,1.0
1462,banknote-authentication,hybrid_8l,1372,4,972,7,ok,,0.0395640404894948,0.016063430346548557,1.0
1462,banknote-authentication,tabpfn,1372,4,972,7,ok,,0.04731824994087219,0.022881897166371346,1.0
1462,banknote-authentication,hydra,1372,4,972,7,ok,,0.0469823032617569,0.022936340421438217,1.0
1462,banknote-authentication,hybrid_8l,1372,4,972,8,ok,,0.0485812034457922,0.01590094342827797,1.0
1462,banknote-authentication,hydra,1372,4,972,8,ok,,0.04744404926896095,0.022951089777052402,1.0
1462,banknote-authentication,tabpfn,1372,4,972,8,ok,,0.047884793020784855,0.022888771258294582,1.0
1462,banknote-authentication,hydra,1372,4,972,9,ok,,0.04811658151447773,0.022978159599006176,1.0
1462,banknote-authentication,hybrid_8l,1372,4,972,9,ok,,0.040734387934207916,0.015907014720141888,1.0
1462,banknote-authentication,tabpfn,1372,4,972,9,ok,,0.04878848511725664,0.022896665148437023,1.0
1462,banknote-authentication,hydra,1372,4,972,10,ok,,0.048149144276976585,0.02315538562834263,1.0
1462,banknote-authentication,tabpfn,1372,4,972,10,ok,,0.04821378644555807,0.022885434329509735,1.0
1462,banknote-authentication,hybrid_8l,1372,4,972,10,ok,,0.040516856126487255,0.01608753576874733,1.0
1464,blood-transfusion-service-center,tabpfn,748,4,972,1,ok,,0.0415189228951931,0.01746250130236149,0.7736052870750427
1464,blood-transfusion-service-center,hydra,748,4,972,1,ok,,0.041576252318918705,0.017686585895717144,0.7747962474822998
1464,blood-transfusion-service-center,hybrid_8l,748,4,972,1,ok,,0.03588871844112873,0.012340809218585491,0.74922776222229
1464,blood-transfusion-service-center,hydra,748,4,972,2,ok,,0.05060257110744715,0.01786330994218588,0.746635377407074
1464,blood-transfusion-service-center,tabpfn,748,4,972,2,ok,,0.0398459741845727,0.01749524287879467,0.7269366383552551
1464,blood-transfusion-service-center,hybrid_8l,748,4,972,2,ok,,0.03429919760674238,0.012381063774228096,0.7223004698753357
1464,blood-transfusion-service-center,hydra,748,4,972,3,ok,,0.03980033751577139,0.0176151804625988,0.7664104104042053
1464,blood-transfusion-service-center,hybrid_8l,748,4,972,3,ok,,0.03433042671531439,0.012322514317929745,0.7487483024597168
1464,blood-transfusion-service-center,tabpfn,748,4,972,3,ok,,0.03985345922410488,0.017506925389170647,0.7632367610931396
1464,blood-transfusion-service-center,hybrid_8l,748,4,972,4,ok,,0.035523015074431896,0.0124422712251544,0.7483040690422058
1464,blood-transfusion-service-center,hydra,748,4,972,4,ok,,0.04123272094875574,0.01761551108211279,0.7614477276802063
1464,blood-transfusion-service-center,tabpfn,748,4,972,4,ok,,0.041639963164925575,0.017510932870209217,0.7599059343338013
1464,blood-transfusion-service-center,tabpfn,748,4,972,5,ok,,0.04003756679594517,0.017487118020653725,0.7583960890769958
1464,blood-transfusion-service-center,hydra,748,4,972,5,ok,,0.04025003965944052,0.01772281341254711,0.7486261129379272
1464,blood-transfusion-service-center,hybrid_8l,748,4,972,5,ok,,0.03469708003103733,0.012481925077736378,0.7573783993721008
1464,blood-transfusion-service-center,tabpfn,748,4,972,6,ok,,0.04135770816355944,0.017465686425566673,0.8011493682861328
1464,blood-transfusion-service-center,hybrid_8l,748,4,972,6,ok,,0.03597919922322035,0.01242116093635559,0.7858501672744751
1464,blood-transfusion-service-center,hydra,748,4,972,6,ok,,0.042074005119502544,0.017657159827649593,0.8018483519554138
1464,blood-transfusion-service-center,tabpfn,748,4,972,7,ok,,0.04175326693803072,0.017670786008238792,0.7725285887718201
1464,blood-transfusion-service-center,hybrid_8l,748,4,972,7,ok,,0.035697685554623604,0.012337352149188519,0.7616417407989502
1464,blood-transfusion-service-center,hydra,748,4,972,7,ok,,0.04188162088394165,0.0176450964063406,0.7792832255363464
1464,blood-transfusion-service-center,tabpfn,748,4,972,8,ok,,0.04089585319161415,0.017541791312396526,0.7231306433677673
1464,blood-transfusion-service-center,hybrid_8l,748,4,972,8,ok,,0.03518855106085539,0.012412172742187977,0.7191537618637085
1464,blood-transfusion-service-center,hydra,748,4,972,8,ok,,0.04082034062594175,0.017628184519708157,0.7216166257858276
1464,blood-transfusion-service-center,hydra,748,4,972,9,ok,,0.0423458693549037,0.01762185338884592,0.7506885528564453
1464,blood-transfusion-service-center,tabpfn,748,4,972,9,ok,,0.042395555414259434,0.017529827542603016,0.7357102632522583
1464,blood-transfusion-service-center,hybrid_8l,748,4,972,9,ok,,0.037085254676640034,0.012489408254623413,0.728202223777771
1464,blood-transfusion-service-center,tabpfn,748,4,972,10,ok,,0.04142474476248026,0.017457070760428905,0.784555196762085
1464,blood-transfusion-service-center,hybrid_8l,748,4,972,10,ok,,0.03534452710300684,0.012197816744446754,0.7701588273048401
1464,blood-transfusion-service-center,hydra,748,4,972,10,ok,,0.040784573182463646,0.017543594352900982,0.7854995131492615
1480,ilpd,hydra,583,10,972,1,ok,,0.05470586474984884,0.01584473717957735,0.752085268497467
1480,ilpd,hybrid_8l,583,10,972,1,ok,,0.04831999819725752,0.010393158532679081,0.7249189019203186
1480,ilpd,tabpfn,583,10,972,1,ok,,0.05893766228109598,0.01429922878742218,0.7562558054924011
1480,ilpd,tabpfn,583,10,972,2,ok,,0.08389520086348057,0.01414621900767088,0.7509267926216125
1480,ilpd,hydra,583,10,972,2,ok,,0.056860326789319515,0.016139895655214787,0.7403267025947571
1480,ilpd,hybrid_8l,583,10,972,2,ok,,0.04999194573611021,0.010391004383563995,0.7314643263816833
1480,ilpd,tabpfn,583,10,972,3,ok,,0.05428937543183565,0.014148933812975883,0.763357937335968
1480,ilpd,hybrid_8l,583,10,972,3,ok,,0.05166858248412609,0.010706842876970768,0.7616562843322754
1480,ilpd,hydra,583,10,972,3,ok,,0.059030456468462944,0.01639683172106743,0.7499149441719055
1480,ilpd,tabpfn,583,10,972,4,ok,,0.055470013059675694,0.014190161600708961,0.7486456632614136
1480,ilpd,hydra,583,10,972,4,ok,,0.05725420359522104,0.016369289718568325,0.7448866963386536
1480,ilpd,hybrid_8l,583,10,972,4,ok,,0.05150560289621353,0.010643272660672665,0.7567164301872253
1480,ilpd,hydra,583,10,972,5,ok,,0.05809091776609421,0.016399898566305637,0.678851306438446
1480,ilpd,tabpfn,583,10,972,5,ok,,0.05550231412053108,0.014171836897730827,0.6753246784210205
1480,ilpd,hybrid_8l,583,10,972,5,ok,,0.050956171937286854,0.01061460841447115,0.6715181469917297
1480,ilpd,tabpfn,583,10,972,6,ok,,0.05450957361608744,0.014187967404723167,0.7405213117599487
1480,ilpd,hybrid_8l,583,10,972,6,ok,,0.04994400404393673,0.010559745132923126,0.7584123015403748
1480,ilpd,hydra,583,10,972,6,ok,,0.05711946729570627,0.01635714713484049,0.7524288892745972
1480,ilpd,hybrid_8l,583,10,972,7,ok,,0.051306335255503654,0.01064920425415039,0.6969387531280518
1480,ilpd,tabpfn,583,10,972,7,ok,,0.05580628011375666,0.014168419875204563,0.7345864772796631
1480,ilpd,hydra,583,10,972,7,ok,,0.08439029008150101,0.01668960601091385,0.7399033308029175
1480,ilpd,tabpfn,583,10,972,8,ok,,0.05578164476901293,0.014189951121807098,0.7407582998275757
1480,ilpd,hybrid_8l,583,10,972,8,ok,,0.05420041736215353,0.010607404634356499,0.7333530783653259
1480,ilpd,hydra,583,10,972,8,ok,,0.057066306471824646,0.016357047483325005,0.7346563935279846
1480,ilpd,hydra,583,10,972,9,ok,,0.05793326906859875,0.016424174420535564,0.7610350251197815
1480,ilpd,hybrid_8l,583,10,972,9,ok,,0.051365637220442295,0.010547090321779251,0.7130264043807983
1480,ilpd,tabpfn,583,10,972,9,ok,,0.05572338309139013,0.014152120798826218,0.7486681938171387
1480,ilpd,tabpfn,583,10,972,10,ok,,0.055741237476468086,0.014169723726809025,0.748203456401825
1480,ilpd,hydra,583,10,972,10,ok,,0.05804502125829458,0.016399727202951908,0.7481481432914734
1480,ilpd,hybrid_8l,583,10,972,10,ok,,0.053369853645563126,0.012413335964083672,0.7454947233200073
1494,qsar-biodeg,hydra,1055,41,972,1,ok,,0.19889966677874327,0.02755554113537073,0.9143916964530945
1494,qsar-biodeg,hybrid_8l,1055,41,972,1,ok,,0.17321937903761864,0.0191328851506114,0.9260568022727966
1494,qsar-biodeg,tabpfn,1055,41,972,1,ok,,0.1863253666087985,0.027627929113805294,0.9295215606689453
1494,qsar-biodeg,tabpfn,1055,41,972,2,ok,,0.18456688430160284,0.027596229687333107,0.9478592872619629
1494,qsar-biodeg,hybrid_8l,1055,41,972,2,ok,,0.17540747299790382,0.019117387011647224,0.945400595664978
1494,qsar-biodeg,hydra,1055,41,972,2,ok,,0.18520746845752,0.027560850605368614,0.9245273470878601
1494,qsar-biodeg,hydra,1055,41,972,3,ok,,0.1869504600763321,0.027600937522947788,0.8984754085540771
1494,qsar-biodeg,tabpfn,1055,41,972,3,ok,,0.18452543672174215,0.027660110034048557,0.9184373617172241
1494,qsar-biodeg,hybrid_8l,1055,41,972,3,ok,,0.17309070378541946,0.019140529446303844,0.9163107872009277
1494,qsar-biodeg,hybrid_8l,1055,41,972,4,ok,,0.17417413648217916,0.01913647260516882,0.9329100847244263
1494,qsar-biodeg,hydra,1055,41,972,4,ok,,0.1841961033642292,0.027682160958647728,0.9151931405067444
1494,qsar-biodeg,tabpfn,1055,41,972,4,ok,,0.18678385578095913,0.02762751653790474,0.9358945488929749
1494,qsar-biodeg,hydra,1055,41,972,5,ok,,0.1845815423876047,0.027590066194534302,0.9061564207077026
1494,qsar-biodeg,hybrid_8l,1055,41,972,5,ok,,0.17314549814909697,0.01925031840801239,0.9342920780181885
1494,qsar-biodeg,tabpfn,1055,41,972,5,ok,,0.18155146203935146,0.027603160589933395,0.9379134774208069
1494,qsar-biodeg,hybrid_8l,1055,41,972,6,ok,,0.18133401963859797,0.01914291363209486,0.9326513409614563
1494,qsar-biodeg,hydra,1055,41,972,6,ok,,0.19388649985194206,0.027581541799008846,0.920506477355957
1494,qsar-biodeg,tabpfn,1055,41,972,6,ok,,0.19088133703917265,0.027625984512269497,0.9310469627380371
1494,qsar-biodeg,hybrid_8l,1055,41,972,7,ok,,0.1790946777909994,0.019235690124332905,0.9246580004692078
1494,qsar-biodeg,tabpfn,1055,41,972,7,ok,,0.19053179491311312,0.027646834030747414,0.9290669560432434
1494,qsar-biodeg,hydra,1055,41,972,7,ok,,0.18754723947495222,0.027559388428926468,0.9022887945175171
1494,qsar-biodeg,hybrid_8l,1055,41,972,8,ok,,0.17548968736082315,0.019144787453114986,0.9331568479537964
1494,qsar-biodeg,hydra,1055,41,972,8,ok,,0.18642289098352194,0.027806886471807957,0.9151093363761902
1494,qsar-biodeg,tabpfn,1055,41,972,8,ok,,0.18460148014128208,0.027642695233225822,0.9381056427955627
1494,qsar-biodeg,tabpfn,1055,41,972,9,ok,,0.18485487066209316,0.027662063017487526,0.9312248826026917
1494,qsar-biodeg,hybrid_8l,1055,41,972,9,ok,,0.1729946732521057,0.019142843782901764,0.9285475015640259
1494,qsar-biodeg,hydra,1055,41,972,9,ok,,0.18176816310733557,0.02774675376713276,0.9175870418548584
1494,qsar-biodeg,tabpfn,1055,41,972,10,ok,,0.18376077711582184,0.02782461140304804,0.9441884756088257
1494,qsar-biodeg,hydra,1055,41,972,10,ok,,0.18286486994475126,0.02755113411694765,0.9177791476249695
1494,qsar-biodeg,hybrid_8l,1055,41,972,10,ok,,0.17749183159321547,0.0191585635766387,0.9399622678756714
1510,wdbc,tabpfn,569,30,972,1,ok,,0.12712773215025663,0.017049668356776237,0.9990626573562622
1510,wdbc,hydra,569,30,972,1,ok,,0.1275778552517295,0.017473663203418255,0.9986460208892822
1510,wdbc,hybrid_8l,569,30,972,1,ok,,0.12453094217926264,0.012394520454108715,0.9988022446632385
1510,wdbc,hydra,569,30,972,2,ok,,0.12580666970461607,0.017322957515716553,0.9970316886901855
1510,wdbc,tabpfn,569,30,972,2,ok,,0.12789092678576708,0.01707911491394043,0.9970316886901855
1510,wdbc,hybrid_8l,569,30,972,2,ok,,0.12131149414926767,0.012469022534787655,0.9959381222724915
1510,wdbc,tabpfn,569,30,972,3,ok,,0.12783047277480364,0.017281608656048775,0.990943431854248
1510,wdbc,hydra,569,30,972,3,ok,,0.1274954378604889,0.01752295531332493,0.9897013902664185
1510,wdbc,hybrid_8l,569,30,972,3,ok,,0.12178013287484646,0.0123257702216506,0.9904259443283081
1510,wdbc,hybrid_8l,569,30,972,4,ok,,0.12228750344365835,0.012416612356901169,0.9984309673309326
1510,wdbc,tabpfn,569,30,972,4,ok,,0.126810641027987,0.017075899057090282,0.9980522394180298
1510,wdbc,hydra,569,30,972,4,ok,,0.12812202516943216,0.017661559395492077,0.9983227849006653
1510,wdbc,tabpfn,569,30,972,5,ok,,0.12880311533808708,0.017147254198789597,0.9975742697715759
1510,wdbc,hydra,569,30,972,5,ok,,0.12940826080739498,0.017950255423784256,0.9981256127357483
1510,wdbc,hybrid_8l,569,30,972,5,ok,,0.12357347924262285,0.012526210397481918,0.9978499412536621
1510,wdbc,hybrid_8l,569,30,972,6,ok,,0.12227456737309694,0.012784197926521301,0.9982972145080566
1510,wdbc,hydra,569,30,972,6,ok,,0.12718032021075487,0.017560716718435287,0.9975232481956482
1510,wdbc,tabpfn,569,30,972,6,ok,,0.1272041266784072,0.017093011178076267,0.9985036253929138
1510,wdbc,tabpfn,569,30,972,7,ok,,0.12846303172409534,0.0173247205093503,0.9938586950302124
1510,wdbc,hybrid_8l,569,30,972,7,ok,,0.12393249850720167,0.012853388674557209,0.9944021701812744
1510,wdbc,hydra,569,30,972,7,ok,,0.12971928156912327,0.01750027295202017,0.9913586974143982
1510,wdbc,hydra,569,30,972,8,ok,,0.1277293711900711,0.017598098143935204,0.9951485991477966
1510,wdbc,tabpfn,569,30,972,8,ok,,0.12729999795556068,0.01707738172262907,0.9955896139144897
1510,wdbc,hybrid_8l,569,30,972,8,ok,,0.12237970717251301,0.01266334019601345,0.9958652853965759
1510,wdbc,hydra,569,30,972,9,ok,,0.12661021016538143,0.01739876065403223,0.9924106001853943
1510,wdbc,tabpfn,569,30,972,9,ok,,0.12450693733990192,0.01703525148332119,0.9927927851676941
1510,wdbc,hybrid_8l,569,30,972,9,ok,,0.12017876654863358,0.012439454905688763,0.9928473830223083
1510,wdbc,hydra,569,30,972,10,ok,,0.12930795084685087,0.017313328571617603,0.9950188398361206
1510,wdbc,tabpfn,569,30,972,10,ok,,0.12831143382936716,0.017347904853522778,0.994717001914978
1510,wdbc,hybrid_8l,569,30,972,10,ok,,0.12417078949511051,0.012439114972949028,0.9946666955947876
6332,cylinder-bands,hybrid_8l,277,37,972,1,ok,,0.10851302649825811,0.009675669483840466,0.8044548034667969
6332,cylinder-bands,hydra,277,37,972,1,ok,,0.11743506975471973,0.016356024891138077,0.7782957553863525
6332,cylinder-bands,tabpfn,277,37,972,1,ok,,0.11064057890325785,0.01012405939400196,0.8005697727203369
6332,cylinder-bands,tabpfn,277,37,972,2,ok,,0.11603706143796444,0.010072771459817886,0.7556915283203125
6332,cylinder-bands,hydra,277,37,972,2,ok,,0.1226282985880971,0.01647814642637968,0.7148102521896362
6332,cylinder-bands,hybrid_8l,277,37,972,2,ok,,0.11587519478052855,0.009778494015336037,0.761566698551178
6332,cylinder-bands,hybrid_8l,277,37,972,3,ok,,0.11292282212525606,0.009910334832966328,0.8167851567268372
6332,cylinder-bands,tabpfn,277,37,972,3,ok,,0.11413615010678768,0.010154576040804386,0.8053199052810669
6332,cylinder-bands,hydra,277,37,972,3,ok,,0.12034110445529222,0.016467676497995853,0.7839944958686829
6332,cylinder-bands,tabpfn,277,37,972,4,ok,,0.11817520204931498,0.010160238482058048,0.7832892537117004
6332,cylinder-bands,hydra,277,37,972,4,ok,,0.12347442097961903,0.01639734487980604,0.7566137313842773
6332,cylinder-bands,hybrid_8l,277,37,972,4,ok,,0.116446646861732,0.009839199483394623,0.8077601194381714
6332,cylinder-bands,hybrid_8l,277,37,972,5,ok,,0.11219585500657558,0.009910655207931995,0.7706992030143738
6332,cylinder-bands,hydra,277,37,972,5,ok,,0.11978464107960463,0.016492021270096302,0.7289677858352661
6332,cylinder-bands,tabpfn,277,37,972,5,ok,,0.11295612528920174,0.010145128704607487,0.7627081274986267
6332,cylinder-bands,hydra,277,37,972,6,ok,,0.12707681581377983,0.01640373468399048,0.7096095681190491
6332,cylinder-bands,tabpfn,277,37,972,6,ok,,0.12105727102607489,0.01019559521228075,0.7507598996162415
6332,cylinder-bands,hybrid_8l,277,37,972,6,ok,,0.12010093033313751,0.009959336370229721,0.7804535627365112
6332,cylinder-bands,tabpfn,277,37,972,7,ok,,0.10974537208676338,0.010184173472225666,0.7502707242965698
6332,cylinder-bands,hydra,277,37,972,7,ok,,0.11600847728550434,0.016482865437865257,0.7303443551063538
6332,cylinder-bands,hybrid_8l,277,37,972,7,ok,,0.10874638054519892,0.00988832302391529,0.741607129573822
6332,cylinder-bands,tabpfn,277,37,972,8,ok,,0.11588002368807793,0.010140681639313698,0.8358423113822937
6332,cylinder-bands,hybrid_8l,277,37,972,8,ok,,0.11383447889238596,0.010350348427891731,0.8267622590065002
6332,cylinder-bands,hydra,277,37,972,8,ok,,0.12189759407192469,0.017775493673980236,0.774193525314331
6332,cylinder-bands,hydra,277,37,972,9,ok,,0.12319459114223719,0.01714733336120844,0.7438636422157288
6332,cylinder-bands,tabpfn,277,37,972,9,ok,,0.11639196332544088,0.010076489299535751,0.7699999809265137
6332,cylinder-bands,hybrid_8l,277,37,972,9,ok,,0.11619786638766527,0.010360968299210072,0.787954568862915
6332,cylinder-bands,hydra,277,37,972,10,ok,,0.12196336966007948,0.01716635935008526,0.7641577124595642
6332,cylinder-bands,tabpfn,277,37,972,10,ok,,0.11490001808851957,0.010087640024721622,0.7983273863792419
6332,cylinder-bands,hybrid_8l,277,37,972,10,ok,,0.11450747400522232,0.01029224693775177,0.8095579743385315
23381,dresses-sales,hydra,99,12,972,1,ok,,0.056011187843978405,0.016759488731622696,0.5370370149612427
23381,dresses-sales,hybrid_8l,99,12,972,1,ok,,0.04808835964649916,0.00954942125827074,0.560606062412262
23381,dresses-sales,tabpfn,99,12,972,1,ok,,0.04769226908683777,0.008361108601093292,0.5858585834503174
23381,dresses-sales,hybrid_8l,99,12,972,2,ok,,0.048211502842605114,0.009502502158284187,0.40816327929496765
23381,dresses-sales,hydra,99,12,972,2,ok,,0.05580261256545782,0.016601060517132282,0.442176878452301
23381,dresses-sales,tabpfn,99,12,972,2,ok,,0.04738110862672329,0.00815058033913374,0.4166666567325592
23381,dresses-sales,hybrid_8l,99,12,972,3,ok,,0.049243517220020294,0.009503954090178013,0.6088435649871826
23381,dresses-sales,hydra,99,12,972,3,ok,,0.05895119812339544,0.017343055456876755,0.5425170063972473
23381,dresses-sales,tabpfn,99,12,972,3,ok,,0.049845327623188496,0.008311214856803417,0.557823121547699
23381,dresses-sales,tabpfn,99,12,972,4,ok,,0.0494678420946002,0.00827504601329565,0.4368421137332916
23381,dresses-sales,hybrid_8l,99,12,972,4,ok,,0.05080824065953493,0.010012468323111534,0.4421052634716034
23381,dresses-sales,hydra,99,12,972,4,ok,,0.058950635604560375,0.01758866012096405,0.4578947424888611
23381,dresses-sales,tabpfn,99,12,972,5,ok,,0.04927460756152868,0.008335711434483528,0.5488215684890747
23381,dresses-sales,hydra,99,12,972,5,ok,,0.0574973626062274,0.01744748279452324,0.5286195278167725
23381,dresses-sales,hybrid_8l,99,12,972,5,ok,,0.04941717628389597,0.00969671830534935,0.5185185074806213
23381,dresses-sales,tabpfn,99,12,972,6,ok,,0.04859362542629242,0.008407507091760635,0.43097642064094543
23381,dresses-sales,hybrid_8l,99,12,972,6,ok,,0.049459636211395264,0.009863555431365967,0.4511784613132477
23381,dresses-sales,hydra,99,12,972,6,ok,,0.05755091551691294,0.017404040321707726,0.4444444477558136
23381,dresses-sales,tabpfn,99,12,972,7,ok,,0.04994891304522753,0.008280486799776554,0.44107744097709656
23381,dresses-sales,hybrid_8l,99,12,972,7,ok,,0.05088663939386606,0.009753136895596981,0.5336700081825256
23381,dresses-sales,hydra,99,12,972,7,ok,,0.05891888588666916,0.017310842871665955,0.4377104341983795
23381,dresses-sales,hybrid_8l,99,12,972,8,ok,,0.049003543332219124,0.009666291996836662,0.41856059432029724
23381,dresses-sales,tabpfn,99,12,972,8,ok,,0.04823890421539545,0.008270207792520523,0.3598484992980957
23381,dresses-sales,hydra,99,12,972,8,ok,,0.05753580667078495,0.017352181486785412,0.43939393758773804
23381,dresses-sales,hydra,99,12,972,9,ok,,0.058490945026278496,0.017306295223534107,0.5168350338935852
23381,dresses-sales,tabpfn,99,12,972,9,ok,,0.04995053540915251,0.008309531025588512,0.49663299322128296
23381,dresses-sales,hybrid_8l,99,12,972,9,ok,,0.05084464978426695,0.009826326742768288,0.48821547627449036
23381,dresses-sales,hydra,99,12,972,10,ok,,0.05778293590992689,0.01731831766664982,0.4035087823867798
23381,dresses-sales,tabpfn,99,12,972,10,ok,,0.04918563738465309,0.008400322869420052,0.4070175290107727
23381,dresses-sales,hybrid_8l,99,12,972,10,ok,,0.04881199914962053,0.009813950397074223,0.4192982316017151
40966,MiceProtein,hydra,552,77,972,1,ok,,0.3540074238553643,0.037304699420928955,0.9983229637145996
40966,MiceProtein,hybrid_8l,552,77,972,1,ok,,0.30458512902259827,0.024688810110092163,1.0
40966,MiceProtein,tabpfn,552,77,972,1,ok,,0.32114790566265583,0.03555597644299269,1.0
40966,MiceProtein,hydra,552,77,972,2,ok,,0.31479356717318296,0.03730190545320511,0.998745322227478
40966,MiceProtein,tabpfn,552,77,972,2,ok,,0.31835449300706387,0.03553990740329027,1.0
40966,MiceProtein,hybrid_8l,552,77,972,2,ok,,0.2913430221378803,0.024640489369630814,1.0
40966,MiceProtein,hydra,552,77,972,3,ok,,0.3040850106626749,0.037277428433299065,0.9987596869468689
40966,MiceProtein,tabpfn,552,77,972,3,ok,,0.3039164515212178,0.035540017299354076,1.0
40966,MiceProtein,hybrid_8l,552,77,972,3,ok,,0.2949794614687562,0.0247321929782629,1.0
40966,MiceProtein,hybrid_8l,552,77,972,4,ok,,0.29601298924535513,0.024703549221158028,1.0
40966,MiceProtein,hydra,552,77,972,4,ok,,0.3157446589320898,0.03750315587967634,0.99431312084198
40966,MiceProtein,tabpfn,552,77,972,4,ok,,0.30763344280421734,0.035842450335621834,1.0
40966,MiceProtein,hybrid_8l,552,77,972,5,ok,,0.3704092763364315,0.024746299721300602,1.0
40966,MiceProtein,hydra,552,77,972,5,ok,,0.3463612496852875,0.03726957459002733,0.9983811378479004
40966,MiceProtein,tabpfn,552,77,972,5,ok,,0.30628319550305605,0.035567980259656906,1.0
40966,MiceProtein,hydra,552,77,972,6,ok,,0.31820281594991684,0.037281496450304985,0.9966800808906555
40966,MiceProtein,hybrid_8l,552,77,972,6,ok,,0.2892883298918605,0.024687197990715504,1.0
40966,MiceProtein,tabpfn,552,77,972,6,ok,,0.32252560555934906,0.03577201534062624,1.0
40966,MiceProtein,tabpfn,552,77,972,7,ok,,0.3021596930921078,0.03552770335227251,1.0
40966,MiceProtein,hybrid_8l,552,77,972,7,ok,,0.2908117566257715,0.024685212410986423,1.0
40966,MiceProtein,hydra,552,77,972,7,ok,,0.361581152305007,0.037309929728507996,0.9999136328697205
40966,MiceProtein,hydra,552,77,972,8,ok,,0.29659860767424107,0.03729463089257479,0.998559296131134
40966,MiceProtein,hybrid_8l,552,77,972,8,ok,,0.2833907874301076,0.0246807849034667,1.0
40966,MiceProtein,tabpfn,552,77,972,8,ok,,0.3735396955162287,0.03557310998439789,1.0
40966,MiceProtein,tabpfn,552,77,972,9,ok,,0.37581120897084475,0.03554827347397804,0.9998863935470581
40966,MiceProtein,hybrid_8l,552,77,972,9,ok,,0.2957911193370819,0.0246452484279871,1.0
40966,MiceProtein,hydra,552,77,972,9,ok,,0.30898028425872326,0.037270295433700085,0.9971426725387573
40966,MiceProtein,hybrid_8l,552,77,972,10,ok,,0.2954962095245719,0.024739687331020832,1.0
40966,MiceProtein,hydra,552,77,972,10,ok,,0.3124694237485528,0.03742437623441219,0.996283233165741
40966,MiceProtein,tabpfn,552,77,972,10,ok,,0.32859908044338226,0.03556277137249708,1.0
40975,car,hydra,1728,6,972,1,ok,,0.08974215760827065,0.05175202991813421,0.9441826343536377
40975,car,tabpfn,1728,6,972,1,ok,,0.08628232404589653,0.04831503797322512,0.9893051385879517
40975,car,hybrid_8l,1728,6,972,1,ok,,0.07325674872845411,0.032247910276055336,0.9857921004295349
40975,car,tabpfn,1728,6,972,2,ok,,0.07828154694288969,0.04021963197737932,0.9878180027008057
40975,car,hybrid_8l,1728,6,972,2,ok,,0.06527340412139893,0.028673199005424976,0.9934856295585632
40975,car,hydra,1728,6,972,2,ok,,0.08122940175235271,0.04332386236637831,0.950622022151947
40975,car,tabpfn,1728,6,972,3,ok,,0.07765732426196337,0.04014087375253439,0.9831019043922424
40975,car,hybrid_8l,1728,6,972,3,ok,,0.06521285977214575,0.02919419575482607,0.9803665280342102
40975,car,hydra,1728,6,972,3,ok,,0.08048024214804173,0.043372164480388165,0.9405215978622437
40975,car,tabpfn,1728,6,972,4,ok,,0.07685576565563679,0.04015593137592077,0.9798450469970703
40975,car,hybrid_8l,1728,6,972,4,ok,,0.11940154526382685,0.0286977244541049,0.9686719179153442
40975,car,hydra,1728,6,972,4,ok,,0.10148659721016884,0.04373061377555132,0.9397530555725098
40975,car,tabpfn,1728,6,972,5,ok,,0.1306679481640458,0.040446311235427856,0.996954083442688
40975,car,hydra,1728,6,972,5,ok,,0.08208820782601833,0.04334561340510845,0.9575151801109314
40975,car,hybrid_8l,1728,6,972,5,ok,,0.06693732645362616,0.028700098395347595,0.994560182094574
40975,car,hydra,1728,6,972,6,ok,,0.08557947166264057,0.043336838483810425,0.954403817653656
40975,car,hybrid_8l,1728,6,972,6,ok,,0.0649665230885148,0.028671064414083958,0.9823170304298401
40975,car,tabpfn,1728,6,972,6,ok,,0.07712382450699806,0.0402171378955245,0.9777802228927612
40975,car,hybrid_8l,1728,6,972,7,ok,,0.06407343130558729,0.02868212480098009,0.991859495639801
40975,car,hydra,1728,6,972,7,ok,,0.07921255100518465,0.04332177061587572,0.9580736756324768
40975,car,tabpfn,1728,6,972,7,ok,,0.07609447464346886,0.04010061640292406,0.993914008140564
40975,car,hydra,1728,6,972,8,ok,,0.08730039279907942,0.043374499306082726,0.9489735960960388
40975,car,hybrid_8l,1728,6,972,8,ok,,0.064020742662251,0.028669952414929867,0.9852594137191772
40975,car,tabpfn,1728,6,972,8,ok,,0.07627055700868368,0.040132627822458744,0.9846287965774536
40975,car,hydra,1728,6,972,9,ok,,0.07943684607744217,0.04344614502042532,0.9156385660171509
40975,car,hybrid_8l,1728,6,972,9,ok,,0.0642041489481926,0.028666796162724495,0.982827365398407
40975,car,tabpfn,1728,6,972,9,ok,,0.07633951865136623,0.040165169164538383,0.9894975423812866
40975,car,hybrid_8l,1728,6,972,10,ok,,0.06484406068921089,0.028685612604022026,0.9673852324485779
40975,car,tabpfn,1728,6,972,10,ok,,0.07713486533612013,0.040160030126571655,0.9806540012359619
40975,car,hydra,1728,6,972,10,ok,,0.08023777324706316,0.043439172208309174,0.9373834133148193
40982,steel-plates-fault,hydra,1941,27,972,1,ok,,0.17259371280670166,0.05341210402548313,0.9330407381057739
40982,steel-plates-fault,hybrid_8l,1941,27,972,1,ok,,0.1534683909267187,0.03470891248434782,0.9640443325042725
40982,steel-plates-fault,tabpfn,1941,27,972,1,ok,,0.16922180447727442,0.04672379419207573,0.9664533138275146
40982,steel-plates-fault,hydra,1941,27,972,2,ok,,0.1711017368361354,0.05343485716730356,0.9254541397094727
40982,steel-plates-fault,hybrid_8l,1941,27,972,2,ok,,0.15213241148740053,0.034683745354413986,0.9541487097740173
40982,steel-plates-fault,tabpfn,1941,27,972,2,ok,,0.1657723793759942,0.04676898010075092,0.9585980176925659
40982,steel-plates-fault,hybrid_8l,1941,27,972,3,ok,,0.1562652699649334,0.03454097546637058,0.9374843239784241
40982,steel-plates-fault,hydra,1941,27,972,3,ok,,0.24057603906840086,0.053449615836143494,0.9121881127357483
40982,steel-plates-fault,tabpfn,1941,27,972,3,ok,,0.2093935962766409,0.046754651702940464,0.9442482590675354
40982,steel-plates-fault,hydra,1941,27,972,4,ok,,0.17103547975420952,0.05346470419317484,0.9305323362350464
40982,steel-plates-fault,tabpfn,1941,27,972,4,ok,,0.1745347287505865,0.05596795678138733,0.963434100151062
40982,steel-plates-fault,hybrid_8l,1941,27,972,4,ok,,0.15909402817487717,0.0407522302120924,0.9603618383407593
40982,steel-plates-fault,hydra,1941,27,972,5,ok,,0.24756691325455904,0.061628660187125206,0.8972550630569458
40982,steel-plates-fault,hybrid_8l,1941,27,972,5,ok,,0.16618792805820704,0.039851454086601734,0.9383912682533264
40982,steel-plates-fault,tabpfn,1941,27,972,5,ok,,0.1768892202526331,0.054238819517195225,0.9439412951469421
40982,steel-plates-fault,tabpfn,1941,27,972,6,ok,,0.17018865700811148,0.05360759422183037,0.9488075375556946
40982,steel-plates-fault,hybrid_8l,1941,27,972,6,ok,,0.15531623270362616,0.03952166996896267,0.9505027532577515
40982,steel-plates-fault,hydra,1941,27,972,6,ok,,0.24652136117219925,0.06097808852791786,0.9215342998504639
40982,steel-plates-fault,hybrid_8l,1941,27,972,7,ok,,0.23336972668766975,0.039397125132381916,0.9507988095283508
40982,steel-plates-fault,tabpfn,1941,27,972,7,ok,,0.1856336360797286,0.05344078969210386,0.9556642770767212
40982,steel-plates-fault,hydra,1941,27,972,7,ok,,0.1823551543056965,0.06094956398010254,0.908924400806427
40982,steel-plates-fault,tabpfn,1941,27,972,8,ok,,0.17255493998527527,0.05355596635490656,0.9579493403434753
40982,steel-plates-fault,hydra,1941,27,972,8,ok,,0.26279178354889154,0.06096323020756245,0.9271769523620605
40982,steel-plates-fault,hybrid_8l,1941,27,972,8,ok,,0.22794485092163086,0.04067534580826759,0.9549331665039062
40982,steel-plates-fault,tabpfn,1941,27,972,9,ok,,0.1832499699667096,0.05598071031272411,0.9444265365600586
40982,steel-plates-fault,hydra,1941,27,972,9,ok,,0.1806469177827239,0.06405984610319138,0.916758120059967
40982,steel-plates-fault,hybrid_8l,1941,27,972,9,ok,,0.2317025288939476,0.04128951858729124,0.9452592134475708
40982,steel-plates-fault,hybrid_8l,1941,27,972,10,ok,,0.15937898866832256,0.041420658119022846,0.9595843553543091
40982,steel-plates-fault,hydra,1941,27,972,10,ok,,0.1824447950348258,0.06381587218493223,0.9287288784980774
40982,steel-plates-fault,tabpfn,1941,27,972,10,ok,,0.18005105014890432,0.05601039621978998,0.9613122344017029
40994,climate-model-simulation-crashes,hydra,540,18,972,1,ok,,0.0823531299829483,0.016814304515719414,0.9322709441184998
40994,climate-model-simulation-crashes,hybrid_8l,540,18,972,1,ok,,0.07676234934478998,0.011993099935352802,0.9406583905220032
40994,climate-model-simulation-crashes,tabpfn,540,18,972,1,ok,,0.08272645808756351,0.016824032180011272,0.9311176538467407
40994,climate-model-simulation-crashes,hydra,540,18,972,2,ok,,0.08139588683843613,0.017205114476382732,0.9435483813285828
40994,climate-model-simulation-crashes,hybrid_8l,540,18,972,2,ok,,0.13360810838639736,0.01308020856231451,0.9440982341766357
40994,climate-model-simulation-crashes,tabpfn,540,18,972,2,ok,,0.1182199977338314,0.016827277839183807,0.9411656856536865
40994,climate-model-simulation-crashes,hybrid_8l,540,18,972,3,ok,,0.07986596878618002,0.012057170271873474,0.9402100443840027
40994,climate-model-simulation-crashes,hydra,540,18,972,3,ok,,0.0818947209045291,0.016731515526771545,0.9037940502166748
40994,climate-model-simulation-crashes,tabpfn,540,18,972,3,ok,,0.08277211338281631,0.016829481348395348,0.9381775259971619
40994,climate-model-simulation-crashes,hybrid_8l,540,18,972,4,ok,,0.07737807463854551,0.012044486589729786,0.938854992389679
40994,climate-model-simulation-crashes,tabpfn,540,18,972,4,ok,,0.08337569702416658,0.016995185986161232,0.9441056847572327
40994,climate-model-simulation-crashes,hydra,540,18,972,4,ok,,0.08265164587646723,0.016655603423714638,0.9419037699699402
40994,climate-model-simulation-crashes,tabpfn,540,18,972,5,ok,,0.08413822203874588,0.016849138773977757,0.9506964683532715
40994,climate-model-simulation-crashes,hydra,540,18,972,5,ok,,0.08516850415617228,0.016740944236516953,0.9497800469398499
40994,climate-model-simulation-crashes,hybrid_8l,540,18,972,5,ok,,0.0912217115983367,0.012498036958277225,0.9527125954627991
40994,climate-model-simulation-crashes,hydra,540,18,972,6,ok,,0.11251228395849466,0.017197479493916035,0.9195564389228821
40994,climate-model-simulation-crashes,tabpfn,540,18,972,6,ok,,0.11734616197645664,0.01681436412036419,0.9338144659996033
40994,climate-model-simulation-crashes,hybrid_8l,540,18,972,6,ok,,0.11169843282550573,0.012402646243572235,0.9225488305091858
40994,climate-model-simulation-crashes,tabpfn,540,18,972,7,ok,,0.08768439944833517,0.01681768987327814,0.9607955813407898
40994,climate-model-simulation-crashes,hybrid_8l,540,18,972,7,ok,,0.07839524187147617,0.012073883786797523,0.9669153094291687
40994,climate-model-simulation-crashes,hydra,540,18,972,7,ok,,0.08358225878328085,0.01673534419387579,0.955249547958374
40994,climate-model-simulation-crashes,tabpfn,540,18,972,8,ok,,0.08410283457487822,0.01694598328322172,0.9287999868392944
40994,climate-model-simulation-crashes,hydra,540,18,972,8,ok,,0.08238899800926447,0.016722789965569973,0.9146000146865845
40994,climate-model-simulation-crashes,hybrid_8l,540,18,972,8,ok,,0.07718361727893353,0.01197306253015995,0.9215999841690063
40994,climate-model-simulation-crashes,hydra,540,18,972,9,ok,,0.10880003217607737,0.016799936071038246,0.9280149340629578
40994,climate-model-simulation-crashes,tabpfn,540,18,972,9,ok,,0.0834245104342699,0.016789686866104603,0.9408875107765198
40994,climate-model-simulation-crashes,hybrid_8l,540,18,972,9,ok,,0.07830381020903587,0.012161198072135448,0.9397019147872925
40994,climate-model-simulation-crashes,tabpfn,540,18,972,10,ok,,0.0813723923638463,0.016826646402478218,0.9649389982223511
40994,climate-model-simulation-crashes,hybrid_8l,540,18,972,10,ok,,0.07505951449275017,0.01241400744765997,0.9505420327186584
40994,climate-model-simulation-crashes,hydra,540,18,972,10,ok,,0.08053819183260202,0.016933739185333252,0.9513888955116272
